I_D,FLAG_TSUNAMI,YEAR,MONTH,DAY,HOUR,MINUTE,SECOND,FOCAL_DEPTH,EQ_PRIMARY,EQ_MAG_MW,EQ_MAG_MS,EQ_MAG_MB,EQ_MAG_ML,EQ_MAG_MFA,EQ_MAG_UNK,INTENSITY,COUNTRY,STATE,LOCATION_NAME,LATITUDE,LONGITUDE,REGION_CODE,DEATHS,DEATHS_DESCRIPTION,MISSING,MISSING_DESCRIPTION,INJURIES,INJURIES_DESCRIPTION,DAMAGE_MILLIONS_DOLLARS,DAMAGE_DESCRIPTION,HOUSES_DESTROYED,HOUSES_DESTROYED_DESCRIPTION,HOUSES_DAMAGED,HOUSES_DAMAGED_DESCRIPTION,TOTAL_DEATHS,TOTAL_DEATHS_DESCRIPTION,TOTAL_MISSING,TOTAL_MISSING_DESCRIPTION,TOTAL_INJURIES,TOTAL_INJURIES_DESCRIPTION,TOTAL_DAMAGE_MILLIONS_DOLLARS,TOTAL_DAMAGE_DESCRIPTION,TOTAL_HOUSES_DESTROYED,TOTAL_HOUSES_DESTROYED_DESCRIPTION,TOTAL_HOUSES_DAMAGED,TOTAL_HOUSES_DAMAGED_DESCRIPTION
6588,Tsu,1950,1,30,0,56,32,33,7,,7,,,,,6,CHILE,,CHILE:  SOUTHERN,-53.5,-71.5,160,,1,,,,,,,,,,,,1,,,,,,,,,,
6361,Tsu,1950,3,14,18,10,41,,5.8,,5.8,,,,,,NEW ZEALAND,,N. NEW ZEALAND,-37.8,177.2,170,,,,,,,,,,,,,,,,,,,,,,,,
10123,Tsu,1950,4,30,23,49,24,,,,,,,,,,PANAMA,,PANAMA,6.5,-83,100,,,,,,,,,,,,,,,,,,,,,,,,
3948,Tsu,1950,8,3,22,18,    ,8,6.8,,,,,,6.8,,VENEZUELA,,VENEZUELA: EL TOCUYO,10.5,-68,90,100,2,,,,,,,,,,,,,,,,,,,,,,
3950,Tsu,1950,8,15,14,9,30,33,8.6,8.6,8.6,8,,,,11,INDIA,,INDIA-CHINA,28.5,96.5,60,1530,4,,,,,20,3,,,,,1530,4,,,,,20,3,,,,
3954,Tsu,1950,10,5,16,9,31,60,7.7,,7.7,,,,,,COSTA RICA,,COSTA RICA-NICARAGUA,11,-85,100,,,,,,3,,1,,,,,,,,,,3,,1,,,,
3955,Tsu,1950,10,8,3,23,9,60,7.6,,7.6,,,,,,INDONESIA,,INDONESIA:  SERAM,-3.8,128.3,170,,,,,,,,,,,,,1,1,,,,,,3,,3,,3
6362,Tsu,1950,10,23,16,13,20,65,7.5,7.5,7.1,,,,,,GUATEMALA,,GUATEMALA:  SAN MARCOS,14.31,-91.917,100,,,,,,,,3,,3,,3,,,,,,,,3,,3,,
6363,Tsu,1950,11,8,2,18,12,33,7.3,,7.3,,,,,,SOLOMON ISLANDS,,SOLOMON ISLANDS:  SOLOMON SEA,-10,159.5,170,,,,,,,,,,,,,,,,,,,,,,,,
3962,Tsu,1950,12,10,2,50,42,80,7,,7,,,,,,PERU,,"PERU:  ICA,CHIMBOTE,HUARAZ,CAJAMARCA,CUZCO,MOQUEGUA",-14.25,-75.75,160,4,1,,,12,1,,2,,2,,,4,1,,,12,1,,2,,2,,
3964,Tsu,1950,12,14,14,15,49,50,7.5,,7.5,,,,,5,MEXICO,,MEXICO:  ACAPULCO,16.48,-98.22,150,,,,,,,,3,,,,,,,,,,,,3,,,,
7529,Tsu,1951,2,22,1,45,42,,,,,,,,,,PAPUA NEW GUINEA,,PAPUA NEW GUINEA:  BISMARCK SEA,-3.7,142.2,170,,,,,,,,,,,,,,,,,,,,,,,,
3974,Tsu,1951,8,3,0,23,58,100,6,,6,,,,,,NICARAGUA,,NICARAGUA:  GULF OF FONSECA:  POTOSI,13,-87.5,100,,,,,,,,1,,,,,1000,3,,,,,,3,,,,
3980,Tsu,1951,8,21,10,57,    ,60,6.9,,,,,,6.9,,USA,HI,HAWAII,19.7,-156,150,,,,,2,1,,2,8,1,230,3,,,,,,,,,,,,
3982,Tsu,1951,10,22,5,43,1,21,7.3,,7.3,,,,,,TAIWAN,,TAIWAN,23.8,121.7,30,68,2,,,586,3,,3,2382,4,,,68,2,,,586,3,,,2382,4,,
8027,Tsu,1951,12,21,8,37,29,,6.3,,6.3,,,,,9,CHINA,,CHINA:   YUNNAN PROVINCE,26.7,100,30,,,,,,,,4,29890,4,,,,,,,,,,4,29890,4,,
3993,Tsu,1952,3,4,1,22,41,45,8.1,8.1,8.3,,,,,9,JAPAN,,JAPAN:  HOKKAIDO,42.15,143.85,30,33,1,,,,3,,3,,3,,,33,1,,,572,3,,3,2422,4,,
3995,Tsu,1952,3,9,17,3,    ,,7.1,,,,,,7.1,,JAPAN,,JAPAN:  HOKKAIDO,41.7,142.5,30,,,,,17,1,,2,113,3,,,,,,,17,1,,2,113,3,,
6364,Tsu,1952,3,17,3,58,    ,33,,,,,,,,,USA,HI,HAWAII,19.11,-155.033,150,,,,,,,,,,,,,,,,,,,,,,,,
3996,Tsu,1952,3,19,10,57,12,,7.8,,7.8,,,,,7,PHILIPPINES,,PHILIPPINES:  BUTUAN,9.5,127.25,170,,,,,,,,1,,,,,,,,,,,,1,,,,
6365,Tsu,1952,5,13,19,32,    ,64,,,,,,,,,COSTA RICA,,COSTA RICA-PANAMA,10.3,-85.3,100,,,,,,,,,,,,,,,,,,,,,,,,
9916,Tsu,1952,7,13,11,58,33,260,6.8,,6.8,,,,,,VANUATU,,VANUATU ISLANDS,-18.5,169.25,170,,,,,,,,,,,,,,,,,,,,,,,,
4007,Tsu,1952,11,4,16,58,27.9,22,9,9,8.5,,,,,7,RUSSIA,,RUSSIA:  KAMCHATKA PENINSULA,52.755,160.057,50,,1,,,,,,,,,,,10000,4,,,,,,3,,,,
6589,Tsu,1953,2,15,,,,,5.5,,5.5,,,,,,PERU,,PERU:  LIMA,-12,-77.5,160,,,,,,,,,,,,,,,,,,,,,,,,
7977,Tsu,1953,3,17,13,4,,,5.8,,5.8,,,,,,RUSSIA,,RUSSIA:  N. KURIL ISLANDS,50,156.5,50,,,,,,,,,,,,,,,,,,,,,,,,
4020,Tsu,1953,4,23,16,24,34,35,7.4,7.4,7.5,7.2,,,,,PAPUA NEW GUINEA,,PAPUA NEW GUINEA:  SOLOMON ISLANDS,-4.449,152.868,170,,,,,,,0.013,1,,,,,,,,,,,0.013,1,,,,
4021,Tsu,1953,5,6,17,16,43,60,7.6,,,,7.6,,,10,CHILE,,"CHILE:  CHILLAN, CONCEPCION",-36.5,-72.5,160,9,1,,,26,1,500,4,,,,,9,1,,,26,1,500,4,,,,
6367,Tsu,1953,5,31,19,58,    ,33,7.2,,7.2,,,,,,DOMINICAN REPUBLIC,,DOMINICAN REPUBLIC: PUERTO PLATA,19.8,-70.7,90,,,,,,,,,,,,,,,,,,,,,,,,
4029,Tsu,1953,8,12,9,23,52,,7.2,,7.2,,,,,10,GREECE,,GREECE:  LIXOURI-ARGOSTOLI (KEPHALLENIA),38.3,20.8,130,476,3,,,2412,4,100,4,27773,4,,,476,3,,,2412,4,100,4,27773,4,,
4031,Tsu,1953,9,10,4,5,58,,6.5,,6.5,,,,,10,CYPRUS,,CYPRUS:  PAPHOS,35,32.5,130,40,1,,,100,1,,2,500,3,,,40,1,,,100,2,,2,500,3,,
7443,Tsu,1953,9,14,0,26,36,33,6.4,6.4,6.8,,,,,,FIJI,,FIJI ISLANDS,-18.3,178.2,170,2,1,,,,,,2,,2,,,7,1,,,12,1,,2,,2,,
4032,Tsu,1953,11,25,17,48,,60,7.4,,7.4,,,,,,JAPAN,,JAPAN:  KASHIMA,34,141.7,30,1,1,,,,,,1,,,,,1,1,,,,,,1,,,,
4034,Tsu,1953,12,12,17,31,25,30,7.4,,7.4,,,,,9,PERU,,OFF COAST OF PERU,-3.4,-80.6,160,6,1,,,20,1,,2,200,3,,,6,1,,,20,1,,2,200,3,,
8036,Tsu,1954,2,11,0,30,15,,7.3,,7.3,,,,,10,CHINA,,CHINA:  GANSU PROVINCE,39,101.3,30,,,,,,,,3,,3,,,,,,,,,,3,,3,,
4055,Tsu,1954,9,9,1,4,37,,6.7,,6.7,,,,,11,ALGERIA,,ALGERIA:  ORLEANSVILLE,36.283,1.467,15,1243,4,,,5000,4,6,3,20000,4,,,1243,4,,,5000,4,6,3,20000,4,,
6368,Tsu,1954,11,18,20,44,55,30,6.5,,6.5,,,,,,JAPAN,,JAPAN:  HONSHU:  MIYAGI PREFECTURE,38.9,142.2,30,,,,,,,,,,,,,,,,,,,,,,,,
6369,Tsu,1955,1,18,,,,,,,,,,,,,VENEZUELA,,VENEZUELA:  OFF THE COAST NEAR LA VELA,11.46,-69.57,90,,,,,,,,,,,,,,,,,,,,1,,,,1
4071,Tsu,1955,4,19,16,47,19,33,6.2,,6.2,,,,,10,GREECE,,GREECE:  DRAKIA-AGRIA (MAGNESIA),39.4,23.1,130,8,1,,,149,3,,4,459,3,8352,4,8,1,,,149,3,,4,459,3,8352,4
4073,Tsu,1955,4,19,20,24,5,30,7.1,,7.1,,,,,6,CHILE,,CHILE,-30,-72,160,,,,,,,,,,,,,1,1,,,,,,1,,1,,
6370,Tsu,1955,5,17,14,49,49,,7.3,,7.3,,,,,,INDIA,,INDIA:  LITTLE NICOBAR ISLAND,6.5,94,60,,,,,,,,,,,,,,,,,,,,,,,,
6371,Tsu,1955,9,8,3,27,14,33,6.5,,6.5,,,,,,SOLOMON ISLANDS,,SOLOMON ISLANDS:  FAURO ISLAND,-6.9,155.7,170,,,,,,,,,,,,,,,,,,,,,,,,
8029,Tsu,1955,9,23,15,6,23,10,6.8,,6.8,,,,,9,CHINA,,CHINA:  YUNNAN PROVINCE,26.6,101.8,30,,1,,,,,,3,15000,4,,,,1,,,,,,3,15000,4,,
6372,Tsu,1955,10,10,8,57,47,33,7.3,,7.3,,,,,,PAPUA NEW GUINEA,,PAPUA NEW GUINEA:  BISMARCK SEA,-5,152.5,170,,,,,,,,,,,,,,,,,,,,,,,,
9782,Tsu,1956,1,8,20,54,13,,7.1,,7.1,,,,,5,CHILE,,CHILE,-19,-70,160,,1,,,,,,1,,,,,,1,,,,,,1,,,,
10063,Tsu,1956,3,2,22,43,,,5.3,,5.3,,,,,7,NEW ZEALAND,,NEW ZEALAND:  NORTH ISLAND,-38.9,175.7,170,,,,,,,,1,,,,,,,,,,,,1,,,,
6373,Tsu,1956,3,5,23,29,    ,20,,,,,,,,,JAPAN,,"NE. HOKKAIDO ISLAND, JAPAN",44.3,144.1,30,,,,,,,,,,,,,,,,,,,,,,,,
4100,Tsu,1956,7,9,3,11,39,20,7.8,,7.8,,,,,9,GREECE,,GREECE:  DODECANESE,36.9,26,130,53,2,,,,,,3,,,,,56,2,,,,,,3,,,,
7771,Tsu,1956,7,9,3,24,,,6.8,,6.8,,,,,,GREECE,,GREECE:  AEGEAN SEA,36.8,25.2,130,,,,,,,,,,,,,,,,,,,,,,,,
6374,Tsu,1956,8,12,16,59,37.6,50,6.5,,6.5,,,,,,JAPAN,,JAPAN:  IZU PENINSULA,33.8,138.8,30,,,,,,,,,,,,,,,,,,,,,,,,
4108,Tsu,1956,11,2,16,4,    ,,5.7,,,,,,5.7,8,GREECE,,GREECE:  VOLOS-AGRIA (MAGNESIA),39.5,23,130,,2,,,,,,,,,,,,,,,,,,,,,,
6375,Tsu,1956,12,18,2,31,3,33,,,,,,,,,CHILE,,CHILE:  ANTOFAGASTA,-25.5,-71,160,,,,,,,,,,,,,,,,,,,,,,,,
4116,Tsu,1957,3,9,14,22,31.9,33,8.6,8.6,9.1,,,,,,USA,AK,ALASKA,51.292,-175.629,150,,,,,,,,1,,,,,2,1,,,1,1,,3,,,,
4132,Tsu,1957,6,22,23,50,23,33,7.3,,7.3,,,,,,INDONESIA,,INDONESIA:  NEW GUINEA:  IRIAN JAYA,-1.5,137,170,,,,,,,,3,,,,,,,,,,,,3,,,,
4139,Tsu,1957,7,28,8,40,1,25,7.9,,7.9,,,,,7,MEXICO,,"MEXICO:  ACAPULCO,MEXICO CITY",16.5,-99.1,150,65,2,,,,3,25,4,,3,,,65,2,,,,3,25,4,,3,,
6546,Tsu,1957,7,29,17,15,14,33,7,,7,,,,,3,CHILE,,CHILE:  ANTOFAGASTA,-23.5,-71.5,160,,,,,,,,,,,,,,,,,,,,,,,,
6377,Tsu,1957,9,26,,,,,,,,,,,,,INDONESIA,,S. JAVA SEA,-8.2,107.3,170,,,,,,,,,,,,,,,,,,,,,,,,
6378,Tsu,1957,10,26,14,16,57,,6,,6,,,,,,INDONESIA,,INDONESIA:  KALIMANTAN ISLAND,-2,116,170,,,,,,,,,,,,,,,,,,,,,,,,
6379,Tsu,1957,11,,,,    ,,,,,,,,,,SOLOMON ISLANDS,,SOLOMON ISLANDS,,,170,,,,,,,,,,,,,,,,,,,,,,,,
4160,Tsu,1958,1,19,14,7,27,60,7.6,,7.6,,,,,9,COLOMBIA,,COLOMBIA-ECUADOR,1.5,-79.5,160,111,3,,,46,1,,2,,2,,,115,3,,,46,1,,2,,2,,
8048,Tsu,1958,2,7,23,23,36,,6.2,,6.2,,,,,7,CHINA,,CHINA:  SICHUAN PROVINCE,31.5,104,30,,,,,,,,1,,1,,,,,,,,,,1,,1,,
6324,Tsu,1958,4,21,22,37,36,200,6.7,,6.7,,,,,,INDONESIA,,INDONESIA:  SUMATRA:  BENGKULU,-4.5,104,170,,,,,,,,,,,,,,,,,,,,,,,,
4167,Tsu,1958,7,10,6,15,59.9,35,7.8,7.8,7.9,,,,,11,USA,AK,ALASKA:  LITUYA BAY,58.37,-136.665,150,,,,,,,,1,,1,,,5,1,,,,,0.1,1,,1,,
6380,Tsu,1958,9,17,12,24,    ,,,,,,,,,,RUSSIA,,RUSSIA:  N. KURIL ISLANDS,49.3,156.4,50,,,,,,,,,,,,,,,,,,,,,,,,
6381,Tsu,1958,11,4,22,54,46,,6.1,,6.1,,,,,,PACIFIC OCEAN,,EAST PACIFIC RIDGE,-50,-115,170,,,,,,,,,,,,,,,,,,,,,,,,
4179,Tsu,1958,11,6,22,58,8.6,40,8.3,8.3,,,,,8.2,10,RUSSIA,,RUSSIA:  KURIL ISLANDS:  S,44.53,148.54,50,,,,,,,,2,,,,,,,,,,,,,,,,
6382,Tsu,1958,11,12,20,23,    ,29,,,,,,,,,RUSSIA,,RUSSIA:  S. KURIL ISLANDS,44.2,148.8,50,,,,,,,,,,,,,,,,,,,,,,,,
6383,Tsu,1959,1,22,5,10,    ,40,,,,,,,,,JAPAN,,"SANRIKU, JAPAN",37.5,142.2,30,,,,,,,,,,,,,,,,,,,,,,,,
6384,Tsu,1959,2,7,9,36,51,19,7.4,,7.4,,,,,7,PERU,,PERU-ECUADOR,-4,-81.5,160,,,,,,,,1,,,,1,,,,,,,,1,,,,1
6385,Tsu,1959,4,9,12,24,20,40,5,,5,,,,,,RUSSIA,,RUSSIA:  S. KURIL ISLANDS,44.3,149,50,,,,,,,,,,,,,,,,,,,,,,,,
4192,Tsu,1959,5,4,7,15,42,60,8.2,8.2,8,,,,,10,RUSSIA,,RUSSIA:  NEAR EAST COAST OF KAMCHATKA,52.5,159.5,50,1,1,,,13,1,,2,,2,,,1,1,,,13,1,,2,,2,,
4198,Tsu,1959,8,17,21,4,40,,7.3,,7.3,,,,,,SOLOMON ISLANDS,,SOLOMON ISLANDS,-7.5,156,170,,,,,,,,3,,,,,,,,,,,,3,,,,
4199,Tsu,1959,8,18,6,37,13.5,5,7.7,,,,7.7,,7.1,10,USA,MT,MONTANA:  HEBGEN LAKE,44.712,-111.215,150,28,1,,,,,11,3,,,,,28,1,,,,,11,3,,,,
6590,Tsu,1959,10,26,7,35,    ,10,,,,,,,,,JAPAN,,"SANRIKU, JAPAN",37.5,143.2,30,,,,,,,,,,,,,,,,,,,,,,,,
4211,Tsu,1960,1,13,15,40,34,160,7.8,,7.8,,,,,10,PERU,,"PERU:  AREQUIPA,CHUQUIBAMBA,CARAVELI,COTAHUASI",-15.75,-72.75,160,63,2,,,200,3,,3,,3,,,63,2,,,200,3,,3,,3,,
4216,Tsu,1960,2,29,23,40,14,33,5.9,,5.9,,,,,10,MOROCCO,,MOROCCO:  AGADIR,30.45,-9.62,15,13100,4,,,25000,4,120,4,,3,,,13100,4,,,25000,4,120,4,,3,,
6387,Tsu,1960,3,20,17,7,30,20,7.5,,7.5,,,,,,JAPAN,,JAPAN:  SANRIKU,39.8,143.4,30,,,,,,,,1,,,,,,,,,,,,1,,,,
6388,Tsu,1960,3,23,0,23,,20,6.7,,6.7,,,,,,JAPAN,,JAPAN:  SANRIKU,39.4,143.7,30,,,,,,,,,,,,,,,,,,,,,,,,
4223,Tsu,1960,5,21,10,2,50,35,8.2,8.2,7.3,,,,,,CHILE,,CHILE:  CENTRAL,-37.872,-73.243,160,,1,,,,3,,1,,,,,,1,,,,3,,1,,,,
4227,Tsu,1960,5,22,19,11,17,33,9.5,9.5,8.5,,,,,12,CHILE,,"CHILE:  PUERTO MONTT, VALDIVIA",-38.143,-73.407,160,2000,4,,,3000,4,1000,4,58622,4,,,2226,4,,,3000,4,1000,4,58622,4,,
6389,Tsu,1960,6,11,15,14,9,33,6.6,,6.6,,,,,,PAPUA NEW GUINEA,,PAPUA NEW GUINEA:  W. SOLOMON SEA,-9.4,152.3,170,,,,,,,,,,,,,,,,,,,,,,,,
6591,Tsu,1960,7,29,17,31,45,50,6.7,,6.7,,,,,,JAPAN,,JAPAN:  SANRIKU,40.3,142.5,30,,,,,,,,,,,,,,,,,,,,,,,,
6390,Tsu,1960,11,1,8,45,59,55,7.4,,7.4,,,,,,CHILE,,CHILE:  CONCEPCION,-38.5,-75.1,160,,1,,,,,,1,,,,,,1,,,,,,1,,,,
4234,Tsu,1960,11,20,22,1,56.4,93,6.7,,,,,,6.7,,PERU,,PERU,-6.8,-80.7,160,,,,,,,,,,,,,66,2,,,2,1,0.55,1,,,,
6391,Tsu,1961,1,10,14,22,25.5,59,6.6,6.6,7.1,,,,,,RUSSIA,,RUSSIA:  KAMCHATKA,50.016,156.099,50,,,,,,,,,,,,,,,,,,,,,,,,
6392,Tsu,1961,1,16,7,20,    ,40,,,,,,,,,JAPAN,,JAPAN:  KASHIMA,36,142.3,30,,,,,,,,,,,,,,,,,,,,,,,,
6393,Tsu,1961,1,16,11,19,    ,20,,,,,,,,,JAPAN,,JAPAN:  KASHIMA,36,141.9,30,,,,,,,,,,,,,,,,,,,,,,,,
6394,Tsu,1961,1,16,12,12,    ,20,,,,,,,,,JAPAN,,JAPAN:  KASHIMA,36.2,141.9,30,,,,,,,,,,,,,,,,,,,,,,,,
6395,Tsu,1961,2,12,21,53,    ,80,,,,,,,,,RUSSIA,,RUSSIA:  S. KURIL ISLANDS,43.2,147.9,50,,,,,,,,,,,,,,,,,,,,,,,,
4238,Tsu,1961,2,26,18,10,48.7,74,7.3,,7.3,,,,,,JAPAN,,JAPAN:  MIYAZAKI,31.6,131.8,30,2,1,,,7,1,,2,170,3,170,3,2,1,,,7,1,,2,170,3,,
7780,Tsu,1961,5,23,2,45,,,6.5,,6.5,,,,,,TURKEY,,TURKEY,36.7,28.5,140,,,,,,,,,,,,,,,,,,,,,,,,
6917,Tsu,1961,6,16,10,31,57.3,120,6.5,,6.5,,,,,,COLOMBIA,,COLOMBIA: NORTHEASTERN COLOMBIA,8.9,-73.4,90,,,,,,,,,,,,,,,,,,,,,,,,
6397,Tsu,1961,7,18,14,4,    ,60,,,,,,,,,JAPAN,,JAPAN:  RYUKYU ISLANDS,29.6,131.8,30,,,,,,,,,,,,,,,,,,,,,,,,
6398,Tsu,1961,7,23,21,51,10.5,35,7.3,7.3,7.3,,,,,,VANUATU,,VANUATU ISLANDS,-18.421,168.411,170,,,,,,,,,,,,,,,,,,,,1,,,,
6399,Tsu,1961,8,1,5,39,54.4,25,6.4,6.4,6.6,,,,,,SOLOMON ISLANDS,,SOLOMON ISLANDS,-9.849,160.614,170,,,,,,,,,,,,,,,,,,,,,,,,
6400,Tsu,1961,8,11,15,51,    ,80,,,,,,,,,JAPAN,,JAPAN:  SE. HOKKAIDO ISLAND,42.9,145.6,30,,,,,,,,,,,,,,,,,,,,,,,,
6401,Tsu,1961,8,17,21,16,31.4,154,6.7,,6.7,,,,,,RUSSIA,,RUSSIA:  S. KURIL ISLANDS,46.338,149.548,50,,,,,,,,,,,,,,,,,,,,,,,,
6402,Tsu,1961,10,18,16,51,57,15,6.5,,6.5,,,,,,CHILE,,"CHILE:  VALDIVIA, CURICO",-36.7,-73,160,,1,,,,,,1,,,,,,1,,,,,,1,,,,
6325,Tsu,1961,11,15,7,17,    ,60,,,,,,,,,JAPAN,,JAPAN:  SE. HOKKAIDO ISLAND,42.7,145.7,30,,,,,,,,,,,,,,,,,,,,,,,,
6403,Tsu,1962,3,12,11,40,16.7,35,6.8,,6.8,,,,,,PANAMA,,COSTA RICA-PANAMA,8.008,-82.757,100,,,,,,,,1,,,,,,,,,,,,1,,,,
6404,Tsu,1962,4,12,0,52,43,25,7.2,7.2,7.1,,,,,,JAPAN,,JAPAN:  SANRIKU,38.073,142.741,30,,,,,,,,,,,,,,,,,,,,,,,,
6592,Tsu,1962,4,23,,,    ,60,,,,,,,,,JAPAN,,"SE. HOKKAIDO ISLAND, JAPAN",42.2,143.9,30,,,,,,,,,,,,,,,,,,,,,,,,
4265,Tsu,1962,5,11,14,11,54.1,40,7,,7,,,,,8,MEXICO,,MEXICO:  S,17.2,-99.6,150,4,1,,,,3,,2,,2,,,4,1,,,,3,,2,,2,,
4266,Tsu,1962,5,19,14,58,15,33,7.2,,7.2,,,,,,MEXICO,,MEXICO:  S,17.2,-99.5,150,3,1,,,16,1,,2,,2,,,3,1,,,16,1,,2,,2,,
6405,Tsu,1962,5,21,12,21,,60,5.7,,5.7,,,,,,JAPAN,,JAPAN:  OFF COAST OF HONSHU ISLAND,41.8,142.4,30,,,,,,,,,,,,,,,,,,,,,,,,
7770,Tsu,1962,5,28,22,57,47,,4.5,,4.5,,,,,5,GREECE,,GREECE:  AEGEAN SEA,39.8,25,130,,,,,,,,,,,,,,,,,,,,,,,,
6326,Tsu,1962,12,21,8,42,43,33,6.5,,,,,,6.5,,USA,AK,ALASKA:  ALEUTIAN ISLANDS:  FOX ISLANDS,52.47,-168.54,150,,,,,,,,,,,,,,,,,,,,,,,,
4283,Tsu,1963,2,13,8,50,4.5,47,7.3,,7.3,,,,,,TAIWAN,,"TAIWAN:  TAIPEI, HSINCH",24.5,122.1,30,15,1,,,18,1,,2,,2,,,15,1,,,18,1,,2,,2,,
9995,Tsu,1963,9,18,,,,19,6.1,,6.1,,,,,,TURKEY,,TURKEY:  YALOVA:  CINARCIK,40.75,29,140,1,1,,,,2,,2,7,1,163,3,1,1,,,,2,,2,7,1,163,3
4303,Tsu,1963,9,24,16,30,16,75,7,,7,,,,,,PERU,,"PERU:  HUAYLLACAYAN,CAJACAY,MALYAS,MALVAS,HUARAZ",-10.385,-78.022,160,1,1,,,,,,2,,,,,1,1,,,,,,2,,,,2
6407,Tsu,1963,10,12,11,27,0.2,48,7.1,7.1,7,,,,,,RUSSIA,,RUSSIA:  S. KURIL ISLANDS,44.426,149.272,50,,,,,,,,,,,,,,,,,,,,,,,,
4304,Tsu,1963,10,13,5,17,53.4,13,8.5,8.5,8.1,7.7,,,,9,RUSSIA,,RUSSIA:  KURIL ISLANDS,44.77,149.798,50,,,,,,,,1,,,,,,,,,,,,1,,,,
4305,Tsu,1963,10,20,0,53,10.9,28,7.9,7.9,7.2,,,,,,RUSSIA,,RUSSIA:  KURIL ISLANDS,44.772,150.563,50,,,,,,,,,,,,,,,,,,,,,,,,
6408,Tsu,1963,12,16,1,51,31,64,6.6,,6.6,,,,,,INDONESIA,,"INDONESIA:  JAVA:  LABUHAN, MENES, PONOROGO",-6.4,105.4,60,,,,,,,,1,,,,1,,,,,,,,1,,,,1
6327,Tsu,1963,12,18,0,30,    ,45,7.5,,7.5,,,,,,TONGA,,TONGA TRENCH,-24.8,-176.6,170,,,,,,,,,,,,,,,,,,,,,,,,
4311,Tsu,1964,3,28,3,36,    ,33,9.2,9.2,8.4,,,,,10,USA,AK,ALASKA,61.017,-147.648,150,15,1,,,,,284,4,,3,,,139,3,,,,,400,4,,3,,
4313,Tsu,1964,4,2,1,11,51,130,7,,7,5.6,,,,7,INDONESIA,,INDONESIA:  BANDA ACEH,5.9,95.7,60,,,,,,,,3,,3,,,,,,,,,,3,,3,,
6547,Tsu,1964,5,7,7,58,14.3,30,6.9,,6.9,,,,,,JAPAN,,JAPAN:  NW. HONSHU ISLAND,40.3,139,30,,,,,,,,2,2,1,,,,,,,,,,2,2,1,,
9813,Tsu,1964,5,7,20,13,,,6.6,,6.6,,,,,,JAPAN,,JAPAN:  NW. HONSHU ISLAND,40.4,139,30,,,,,,,,,,,,,,,,,,,,,,,,
4322,Tsu,1964,6,16,4,1,44.3,40,7.5,,,,,,7.5,5,JAPAN,,JAPAN:  HONSHU:  W COAST,38.65,139.2,30,26,1,,,450,3,80,4,2250,4,2250,4,26,1,,,450,3,80,4,2250,4,,
6594,Tsu,1964,7,24,8,12,39,15,6.8,,6.8,6.9,,,,,RUSSIA,,RUSSIA:  KAMCHATKA,47.159,153.876,50,,,,,,,,,,,,,,,,,,,,,,,,
4331,Tsu,1964,11,17,8,15,39.3,45,7.6,,7.6,,,,,8,PAPUA NEW GUINEA,,PAPUA NEW GUINEA:  NEW BRITAIN,-5.7,150.7,170,,,,,,,,1,,,,,,,,,,,,1,,,,
6410,Tsu,1964,12,11,,,    ,40,,,,,,,,,JAPAN,,"NW. HONSHU ISLAND, JAPAN",40.4,138.9,30,,,,,,,,,,,,,,,,,,,,,,,,
4334,Tsu,1965,1,24,0,11,12.1,6,7.6,,7.6,,,,,,INDONESIA,,INDONESIA:  SANANA ISLAND,-2.4,126.1,170,71,2,,,,,,2,3000,4,,,71,2,,,,,,2,3000,4,,
4337,Tsu,1965,2,4,5,1,21.6,36,8.7,8.7,7.8,7.7,,,,6,USA,AK,ALASKA:  ALEUTIAN ISLANDS:  RAT ISLANDS,51.29,178.55,150,,,,,,,,1,,,,,,,,,,,0.01,1,,,,
6411,Tsu,1965,2,23,22,11,46,36,7,,7,,,,,,CHILE,,CHILE:  NORTHERN,-25.67,-70.63,160,,,,,,,,,,,,,,,,,,,,,,,,
4341,Tsu,1965,3,9,17,57,53.7,18,6.3,,6.3,,,,,,GREECE,,"GREECE:  ALONISOS, SKOPELOS",39.4,24,130,38,1,,,253,3,8,3,,,,,38,1,,,253,3,8,3,,3,,
6412,Tsu,1965,3,22,22,56,28,58,6,,6,,,,,6,CHILE,,CHILE:  CENTRAL,-31.81,-71.26,160,,,,,,,,,,,,,,,,,,,,,,,,
4347,Tsu,1965,3,30,2,27,3.4,20,7.6,7.6,7.4,,,,,,USA,AK,ALASKA:  ALEUTIAN ISLANDS:  RAT ISLANDS,50.32,177.93,150,,,,,,,,,,,,,,,,,,,,,,,,
6413,Tsu,1965,6,11,3,34,2,,7.2,,7.2,6.6,,,,,RUSSIA,,RUSSIA:  KURIL ISLANDS,44.7,148.7,50,,,,,,,,,,,,,,,,,,,,,,,,
6414,Tsu,1965,7,2,20,58,38.1,40,6.5,,6.5,7,,,,,USA,AK,ALASKA:  ALEUTIAN ISLANDS:  FOX ISLANDS,53.03,-167.55,150,,,,,,,,1,,,,,,,,,,,,1,,,,
6415,Tsu,1965,7,6,3,18,42.7,18,6.3,,6.3,,,,,8,GREECE,,NORTH CORINTH GULF,38.267,22.3,130,1,1,,,6,1,,2,,,,,2,1,,,6,1,,2,,,,
6416,Tsu,1965,8,11,22,31,45.9,13,7.6,7.6,7.3,,,,,,VANUATU,,VANUATU ISLANDS,-15.8,167.2,170,,,,,,,,2,,,,2,,,,,,,,2,,,,2
6595,Tsu,1965,8,13,12,40,32,33,7.3,,7.3,6.8,,,,,VANUATU,,VANUATU ISLANDS,-15.9,166.8,170,,,,,,,,,,,,,,,,,,,,1,,1,,
4356,Tsu,1965,8,23,19,46,2.9,28,7.8,,7.8,6.6,,,,,MEXICO,,"MEXICO:  ME\XICO CITY, OAXACA",16.3,-95.8,150,6,1,,,,,,1,,,,1,6,1,,,,,,1,,,,1
6417,Tsu,1965,10,3,16,14,56,28,6.5,,6.5,,,,,3,CHILE,,CHILE:  SOUTHERN,-42.9,-75.13,160,,,,,,,,,,,,,,,,,,,,,,,,
4360,Tsu,1966,3,12,16,31,21.8,48,8,,8,6.1,,,,,TAIWAN,,TAIWAN,24.1,122.6,30,7,1,,,10,1,,2,,2,,,7,1,,,10,1,,2,,2,,
4368,Tsu,1966,6,15,0,59,42.7,31,7.1,7.1,7.7,7.4,,,,,SOLOMON ISLANDS,,SOLOMON ISLANDS:  GUADALCANAL,-10.343,160.883,170,,,,,,,,,,,,,,,,,,,,,,,,
4371,Tsu,1966,7,12,18,53,,33,5.5,,5.5,,,,,6,RUSSIA,,RUSSIA:  BLACK SEA,44.75,37,40,,,,,,,,,,,,,,,,,,,,,,,,
4381,Tsu,1966,10,17,21,41,56,38,8.1,8.1,7.5,,,,,9,PERU,,"PERU:  LIMA,HUACHO,HUAURA, CHANCAY,SUPE,SAN NICOLAS",-10.748,-78.638,160,110,3,,,3000,4,35,4,,,,,110,3,,,3000,4,35,4,,,,
4383,Tsu,1966,12,28,8,18,7.4,47,7.8,,7.8,,,,,8,CHILE,,"CHILE:  TALTAL, CATALINA",-25.5,-70.7,160,3,1,,,6,1,0.4,1,,3,,,3,1,,,6,1,0.4,1,,3,,
4386,Tsu,1966,12,31,18,23,11.1,83,7.8,7.8,7.5,7.3,,,,,SOLOMON ISLANDS,,SOLOMON ISLANDS:  SANTA CRUZ ISLANDS,-11.893,166.445,170,,,,,,,,,,,,,,,,,,,,,,,,
7445,Tsu,1966,12,31,22,15,16.6,23,7.2,7.2,7.1,,,,,,SOLOMON ISLANDS,,SOLOMON ISLANDS:  SANTA CRUZ ISLANDS,-12.334,166.684,170,,,,,,,,,,,,,,,,,,,,,,,,
6596,Tsu,1967,3,19,4,1,38.5,38,7,,7,,,,,8,RUSSIA,,RUSSIA:  KURIL ISLANDS,45.53,151.11,50,,,,,,,,,,,,,,,,,,,,,,,,
4396,Tsu,1967,4,11,5,9,12.1,33,5.5,,5.5,,,,,,INDONESIA,,INDONESIA:  MAKASSAR STRAIT,-3.7,119.3,170,58,2,,,100,2,,2,,2,,,71,2,,,100,2,,2,,2,,
4397,Tsu,1967,4,12,4,51,50.2,100,6.1,,6.1,,,,,,INDONESIA,,"INDONESIA-MALAYSIA:  N SUMATERA,MALAY PENINSULA",5.5,97.3,170,14,1,,,,,,3,2000,4,,,14,1,,,,,,3,2000,4,,
4410,Tsu,1967,7,29,23,59,58.7,10,6.5,,6.5,,,,,8,VENEZUELA,,VENEZUELA,10.6,-67.3,90,300,3,,,1536,4,140,4,,,,,300,3,,,1536,4,140,4,,,,
4415,Tsu,1967,8,13,22,15,10,30,6.4,,6.4,,,,6.2,,PAPUA NEW GUINEA,,PAPUA NEW GUINEA:  BISMARCK SEA,-4.4,152.5,170,,,,,,,,3,,,,,,,,,,,,,,,,
6420,Tsu,1967,9,3,21,7,30.8,40,7,,7,,,,,,PERU,,PERU:  OFF COAST,-10.6,-79.8,160,,,,,,,,,,,,,,,,,,,,,,,,
6421,Tsu,1967,11,15,21,32,54,35,5.9,,5.9,,,,,,CHILE,,CHILE:  NORTHERN,-28.78,-71.19,160,,,,,,,,,,,,,,,,,,,,,,,,
6630,Tsu,1967,12,21,2,25,23,33,7.5,,7.5,,,,,,CHILE,,CHILE:  NORTHERN,-21.7,-69.5,160,1,1,,,,3,,2,,2,,,1,1,,,,3,,2,,2,,
6422,Tsu,1968,1,29,10,19,7.2,40,7.3,7.3,7.3,,,,,,RUSSIA,,RUSSIA:  S. KURIL ISLANDS,43.586,146.701,50,,,,,,,,,,,,,,,,,,,,,,,,
4428,Tsu,1968,2,19,22,45,45.7,15,7.2,7.2,7.5,7.1,,,,10,GREECE,,GREECE:  AEGEAN SEA:  ST EUSTRATIOS,39.368,24.957,130,20,1,,,18,1,0.6,1,500,3,1951,4,20,1,,,18,1,0.6,1,500,3,1951,4
4432,Tsu,1968,4,1,0,42,4.2,30,7.5,,7.5,,,,,7,JAPAN,,"JAPAN:  KYUSHU, SHIKOKU",32.3,132.5,30,1,1,,,22,1,,2,,2,,,1,1,,,22,1,,2,,2,,
9992,Tsu,1968,4,18,19,38,15,7,4.6,4.6,,4.1,,,,6,ITALY,,ITALY:  LIGURIA,44.08,8,130,,,,,,,,,,,,,,,,,,,,,,,,
4438,Tsu,1968,5,16,0,48,55.4,7,8.2,8.2,,,,,7.9,6,JAPAN,,JAPAN:  OFF EAST COAST OF HONSHU ISLAND,40.8,143.2,30,52,2,,,330,3,,3,689,3,,,52,2,,,330,3,131,4,1218,4,,
4439,Tsu,1968,5,16,10,39,1.6,33,7.5,,,,,,7.5,,JAPAN,,JAPAN:  OFF COAST OF HONSHU ISLAND,41.5,142.7,30,,,,,,,,,,,,,,,,,,,,,,,,
4443,Tsu,1968,6,12,13,41,50.7,44,7.2,,7.2,6,,,,,JAPAN,,JAPAN:  SANRIKU,39.4,143.1,30,,,,,,,,,,,,,,,,,,,,,,,,
4447,Tsu,1968,7,25,7,23,7.8,60,7.3,,7.3,,,,,,KERMADEC ISLANDS (NEW ZEALAND),,"KERMADEC ISLANDS:  S OF, RAOUL",-30.8,-178.4,170,,,,,,,,1,,,,,,,,,,,,,,,,
4448,Tsu,1968,8,1,20,19,21.9,36,7.3,,7.3,,,,,,PHILIPPINES,,PHILIPPINES:  LUZON:  MANILA,16.5,122.2,170,270,3,,,261,3,8,3,,1,,3,270,3,,,261,3,8,3,,1,,3
6423,Tsu,1968,8,5,7,17,,10,,,,,,,,,JAPAN,,JAPAN:  SEIKAIDO-NANKAIDO,33.3,132.2,30,,,,,,,,,,,,,,,,,,,,,,,,
4452,Tsu,1968,8,10,2,7,4.3,25,7.6,,7.6,,,,,,INDONESIA,,"INDONESIA:  MOLUCCA ISLANDS: MANADO, CELEBES",1.4,126.2,170,,,,,,,,1,,,,,,,,,,,,1,,,,
4454,Tsu,1968,8,14,22,14,19.4,23,7.4,,,,,,7.4,8,INDONESIA,,"INDONESIA:  SULAWESI:  TAMBU,COAST OF MAPAGA",0.2,119.8,170,,,,,,,,,,,,,200,3,,,58,2,,3,800,3,,
4460,Tsu,1968,9,3,8,19,52.2,38,6.6,,6.6,,,,,8,TURKEY,,"TURKEY:  BARTIN, AMASRA, CAKRAZ",41.8,32.3,140,24,1,,,200,3,,3,2000,4,2000,4,24,1,,,200,3,,3,2000,4,,
4463,Tsu,1968,9,20,6,,    ,107,6.2,,,,,,6.2,9,VENEZUELA,,VENEZUELA:  CARUPANO,10.5,-62.6,90,3,1,,,,,,2,,,,,,,,,,,,,,,,
4465,Tsu,1968,9,25,10,38,    ,114,5.7,,,,,,5.7,,MEXICO,,MEXICO-GUATEMALA:  S CHIAPAS,15.5,-92.7,150,20,1,,,,,,2,,,,,,,,,,,,,,,,
4476,Tsu,1969,2,23,0,36,56.6,13,7.4,,7.4,,,,,,INDONESIA,,"INDONESIA:  SULAWESI:  PARASANGA, PALETOANG",-3.1,118.9,170,64,2,,,97,2,,3,1287,4,,,664,3,,,97,2,,3,1287,4,,
4477,Tsu,1969,2,28,2,40,32.5,22,7.8,7.8,7.3,,,,,7,PORTUGAL,,"PORTUGAL; MOROCCO:  RABAT, SALE; SPAIN:  CANARY IS",36.017,-10.95,130,13,1,,,80,2,,2,,,,,113,1,,,80,2,,2,,,,
4486,Tsu,1969,3,31,7,15,54.4,33,7,,7,,,,,,EGYPT,,"EGYPT:  BENI-SOUEF, AL-QAHIRAH (CAIRO)",27.7,34,15,2,1,,,16,1,,3,107,3,,,2,1,,,16,1,,3,107,3,,
6425,Tsu,1969,4,21,7,19,,41,,,,,,,,,JAPAN,,JAPAN:  RYUKYU ISLANDS,32.2,132.1,30,,,,,,,,,,,,,,,,,,,,,,,,
6597,Tsu,1969,8,2,4,30,29,17,5.4,,5.4,,,,,,PAPUA NEW GUINEA,,PAPUA NEW GUINEA:  BISMARCK SEA,-6.6,146.9,170,,,,,,,,,,,,,,,,,,,,,,,,
4494,Tsu,1969,8,11,21,26,36,30,8.2,8.2,7.8,,,,8.2,9,RUSSIA,,"RUSSIA:  SHIKOTAN ISLAND, KURILSKIYE",43.6,147.9,50,,,,,,,,2,,,,,,,,,,,,2,,,,
4509,Tsu,1969,11,22,23,9,37,51,7.3,,7.3,,,,7.7,10,RUSSIA,,RUSSIA:  OFF KAMCHATKA,57.7,163.6,50,,,,,,,,1,,,,,,,,,,,,1,,,,
4511,Tsu,1969,12,25,21,32,27.3,7,7.2,,7.2,,,,,6,GUADELOUPE,,GUADELOUPE: GRAND BOURG,15.8,-59.7,90,,,,,,,,1,,,,,,,,,,,,,,,,
4514,Tsu,1970,1,10,12,7,8.6,73,7.6,,7.6,7.1,,,,6,PHILIPPINES,,PHILIPPINES:  MINDANAO,6.8,126.7,170,,,,,,,,,,,,,,,,,,,,,,,,
7654,Tsu,1970,3,11,22,38,34.6,29,6,,6,,,,,5,USA,AK,ALASKA:  ANDREANOF ISLANDS,57.5,-153.9,150,,,,,,,,1,,,,,,,,,,,,1,,,,
4526,Tsu,1970,4,7,5,34,5.6,40,7.3,,7.3,6.5,,,,6,PHILIPPINES,,PHILIPPINES:  LUZON,15.78,121.71,170,15,1,,,200,3,,2,,,,,15,1,,,200,3,,2,,,,
4530,Tsu,1970,5,14,18,12,,44,6.5,,6.5,,,,,8,RUSSIA,,RUSSIA:  DAGESTAN,43,47.1,40,,3,,,,,,3,,2,,2,,3,,,,,,3,,2,,
4531,Tsu,1970,5,31,20,23,27.3,43,7.9,7.9,7.8,,,,,10,PERU,,"PERU: NORTHERN, PISCO, CHICLAYO",-9.2,-78.8,160,66794,4,,,50000,4,530,4,,3,,3,66794,4,,,50000,4,530,4,,3,,
6427,Tsu,1970,6,14,,,,10,6,,6,,,,,,CHILE,,CHILE:  SOUTHERN,-52,-73.8,160,,,,,,,,,,,,,,,,,,,,,,,,
6428,Tsu,1970,6,19,10,56,13.5,44,6.4,,6.4,6.1,,,,,CHILE,,CHILE:  NORTHERN,-22.28,-70.55,160,,,,,,,,,,,,,,,,,,,,,,,,
6430,Tsu,1970,7,25,22,41,10.7,34,7,,7,,,,,,JAPAN,,"SEIKAIDO, JAPAN",32.2,131.7,30,,,,,13,1,,1,,,,,,,,,13,1,,1,,,,
6328,Tsu,1970,9,28,19,1,,,5.1,,5.1,,,,,,NEW ZEALAND,,NEW ZEALAND,-44.64,173.62,170,,,,,,,,,,,,,,,,,,,,,,,,
4547,Tsu,1970,9,30,9,52,22.7,33,5.3,,5.3,,,,,7,PHILIPPINES,,"PHILIPPINES:  BATAN ISLANDS:  BASCO, SABTANG",20.6,122,170,,,,,,,,2,,3,,3,,,,,,,,2,,3,,
4550,Tsu,1970,10,31,17,53,7.1,8,7.3,,7.3,7.1,,,,8,PAPUA NEW GUINEA,,PAPUA NEW GUINEA:  MADANG,-4.907,145.471,170,15,1,,,20,1,1.75,2,800,3,800,3,18,1,,,20,1,1.75,2,800,3,,
6432,Tsu,1970,11,28,11,8,40,33,6,,6,5.8,,,,,CHILE,,CHILE:  NORTHERN,-20.94,-69.81,160,,,,,,,,,,,,,,,,,,,,,,,,
6555,Tsu,1970,12,4,1,59,25,7,5.1,,5.1,,,,,,RUSSIA,,RUSSIA:  BLACK SEA,43.84,39.34,40,,,,,,,,,,,,,,,,,,,,,,,,
6433,Tsu,1971,5,2,6,8,27.3,43,7.1,,7.1,6,,,,6,USA,AK,ALASKA:  ANDREANOF ISLANDS,51.4,-177.2,150,,,,,,,,,,,,,,,,,,,,,,,,
4572,Tsu,1971,7,9,3,3,18.7,58,7.8,7.8,7.5,6.6,,,,9,CHILE,,CHILE:  CENTRAL,-32.5,-71.2,160,83,2,,,447,3,236.4,4,,3,,,83,2,,,447,3,236.4,4,,3,,
4574,Tsu,1971,7,14,6,11,29.1,47,7.9,,7.9,,,,,9,PAPUA NEW GUINEA,,PAPUA NEW GUINEA:  NEW IRELAND: BOUGAINVILLE,-5.5,153.9,170,2,1,,,5,1,,1,,,,,3,1,,,5,1,,1,,,,
4576,Tsu,1971,7,26,1,23,21.3,48,7.9,,7.9,6.3,,,,6,PAPUA NEW GUINEA,,PAPUA NEW GUINEA:  BISMARCK SEA  RABAUL,-4.9,153.2,170,,,,,,,,,,,,,,,,,,,,2,,,,
6434,Tsu,1971,8,2,7,24,56.8,51,7.3,,7.3,6.6,,,,,JAPAN,,JAPAN TRENCH,41.4,143.5,30,,,,,,,,1,,,,,,,,,,,,1,,,,
4582,Tsu,1971,9,5,18,35,25,9,7.1,,7.1,6.3,,,,9,RUSSIA,,"RUSSIA:  SAKHALIN, MONERON ISLAND",46.5,141.2,50,,,,,,,,1,,,,,,,,,,,,1,,,,
6435,Tsu,1971,9,6,13,37,10.8,29,5.5,,5.5,6.1,,,,,RUSSIA,,RUSSIA:  KHOLMSK,46.7,141.4,50,,,,,,,,,,,,,,,,,,,,,,,,
6436,Tsu,1971,9,8,11,48,23.4,6,6.6,,6.6,5.9,,,,,RUSSIA,,RUSSIA:  TATAR STRAIT,46.4,141.2,50,,,,,,,,,,,,,,,,,,,,,,,,
6548,Tsu,1971,9,8,16,59,52.6,16,6.2,,6.2,5.9,,,,,RUSSIA,,RUSSIA:  TATAR STRAIT,46.3,140.9,50,,,,,,,,,,,,,,,,,,,,,,,,
6437,Tsu,1971,9,25,4,36,14,115,7,,7,6.3,,,,7,PAPUA NEW GUINEA,,PAPUA NEW GUINEA:  BISMARCK SEA,-6.5,146.6,170,,,,,,,,1,,,,,,,,,,,,1,,,,
7402,Tsu,1971,9,27,19,1,45.3,21,6.1,,6.1,5.9,,,,,RUSSIA,,"RUSSIA:  SAKHALIN, MONERON ISLAND",46.4,141.1,50,,,,,,,,,,,,,,,,,,,,,,,,
6438,Tsu,1971,11,6,22,0,0.1,2,5.7,,5.7,6.8,,,,,USA,AK,ALASKA:  ALEUTIAN ISLANDS:  RAT ISLANDS,51.5,179.1,150,,,,,,,,,,,,,,,,,,,,,,,,
4588,Tsu,1971,12,15,8,29,55.3,33,7.8,,7.8,6.1,,,7.8,10,RUSSIA,,"RUSSIA:  OFF KAMCHATKA, SHEMYA, ATTU",56,163.3,50,,,,,,,,,,,,,,,,,,,,,,,,
4590,Tsu,1972,1,25,2,6,23.3,33,7.5,,7.5,6.3,,,,6,TAIWAN,,TAIWAN,22.5,122.3,30,1,1,,,,,,1,5,1,,,1,1,,,,,,1,5,1,,
4595,Tsu,1972,2,29,9,22,59.8,56,7.2,,7.2,6.3,,,,10,JAPAN,,"JAPAN:  S OF HONSHU:  HACHIJOJIMA, TOKYO",33.3,140.8,30,,,,,,,,2,,,,,,,,,,,,,,,,
6440,Tsu,1972,6,8,18,53,41.7,39,6.6,,6.6,6.2,,,,7,CHILE,,CHILE:  CENTRAL,-30.5,-71.8,160,,,,,,,,,,,,,,,,,,,,,,,,
4609,Tsu,1972,7,30,21,45,14.1,25,7.6,,7.6,6.5,,,7.6,7,USA,AK,"ALASKA:  SITKA, JUNEAU",56.82,-135.68,150,,,,,,,,1,,,,,,,,,,,,1,,,,
6441,Tsu,1972,8,17,23,44,5.9,10,7.1,,7.1,6.4,,,,5,SOLOMON SEA,,W. SOLOMON SEA,-6,152.9,170,,,,,,,,,,,,,,,,,,,,,,,,
4616,Tsu,1972,12,2,0,19,47.2,73,7.4,,7.4,6.3,,,7.8,6,PHILIPPINES,,"PHILIPPINES:  MINDANAO, DAVAO",6.5,126.6,170,,,,,,,,1,,,,,,,,,,,,1,,,,
4617,Tsu,1972,12,4,10,16,12,66,7.4,,7.4,6.6,,,,10,JAPAN,,"JAPAN:  S OF HONSHU, HACHIJOJIMA",33.3,140.7,30,,,,,,,,1,,,,,,,,,,,,2,,,,
6442,Tsu,1972,12,29,4,51,1.6,60,5.4,,5.4,5.1,,,6,,CHILE,,CHILE:  CENTRAL,-30.6,-71,160,,,,,,,,,,,,,,,,,,,,,,,,
4622,Tsu,1973,1,30,21,1,12.5,43,7.5,,7.5,6.2,,,,,MEXICO,,"MEXICO:  S, FARIAS, TECOMAN",18.48,-103,150,56,2,,,390,3,,2,,2,,,56,2,,,390,3,,2,,2,,
4629,Tsu,1973,2,28,6,37,49.5,27,7.2,,7.2,6.3,,,,8,RUSSIA,,"RUSSIA:  KURIL ISLANDS, HIROO, URAKAWA",50.5,156.6,50,,,,,,,,2,,,,,,,,,,,,2,,,,
4632,Tsu,1973,3,17,8,30,51.8,33,7.5,,7.5,5.6,,,,9,PHILIPPINES,,"PHILIPPINES:  QUEZON CITY:  CALAUG,LOPEZ,GUIAYANGAN",13.4,122.8,170,15,1,,,64,2,0.45,1,,,,,15,1,,,64,2,0.45,1,,,,
4638,Tsu,1973,6,17,3,55,2.9,48,7.7,,7.7,6.5,,,7.7,8,JAPAN,,JAPAN:  HOKKAIDO ISLAND,43.2,145.8,30,,,,,27,1,5,2,2,1,,,27,1,,,,,5,2,2,1,,
4639,Tsu,1973,6,24,2,43,25.5,50,7.1,,7.1,6.3,,,,8,RUSSIA,,RUSSIA:  KURIL ISLANDS,43.3,146.4,50,,,,,1,1,,1,,,,,,,,,1,1,,1,,,,
7801,Tsu,1973,6,26,22,32,0.2,50,6.6,,6.6,5.8,,,,,RUSSIA,,RUSSIA:  KURIL ISLANDS:  S,43.2,146.6,50,,,,,,,,,,,,,,,,,,,,,,,,
4644,Tsu,1973,10,5,5,47,51.1,14,6.7,,6.7,5.8,,,,7,CHILE,,"CHILE:  VALPARAISO, LA LIGUA, SANTIAGO",-32.5,-71.5,160,,,,,,,,2,,,,,,,,,,,,,,,,
6443,Tsu,1974,1,31,23,30,5.3,34,7,,7,6,,,,,SOLOMON ISLANDS,,SOLOMON ISLANDS,-7.5,155.9,170,,,,,,,,,,,,,,,,,,,,,,,,
6598,Tsu,1974,2,1,3,12,33.1,40,7.1,,7.1,6.2,,,,6,SOLOMON ISLANDS,,SOLOMON ISLANDS,-7.4,155.6,170,,,,,,,,,,,,,,,,,,,,2,,,,
4656,Tsu,1974,5,8,23,33,25.2,2,6.5,,6.5,6,,,,9,JAPAN,,JAPAN:  NAKAGI,34.5,138.7,30,30,1,,,102,3,,2,134,3,,,27,1,,,102,3,,2,134,3,,
6444,Tsu,1974,8,18,10,44,12.8,36,7.1,,7.1,5.9,,,,6,CHILE,,"CHILE:  LA UNION, VALDIVIA",-38.5,-73.4,160,,,,,,,,1,,,,,,,,,,,,1,,,,
6445,Tsu,1974,9,27,5,47,29.4,43,6.7,,6.7,6,,,,4,RUSSIA,,RUSSIA:  KURIL-JAPAN:  HOKKAIDO,43.2,146.7,50,,,,,,,,,,,,,,,,,,,,,,,,
4666,Tsu,1974,10,3,14,21,29.1,13,8.1,8.1,7.6,6.6,,,,9,PERU,,"PERU:  LIMA, CALLAO",-12.27,-77.79,160,78,2,,,2414,4,10,3,,3,,,78,2,,,2414,4,10,3,,3,,
4671,Tsu,1974,12,28,12,11,43.7,22,6.2,,6.2,6,,,,7,PAKISTAN,,"PAKISTAN:  BALAKOT, PATAN",35.1,72.9,60,5300,4,,,17000,4,3.255,2,,3,,3,5300,4,,,17000,4,3.255,2,,3,,
4676,Tsu,1975,1,15,9,42,24,,5.9,,5.9,,,,,7,INDONESIA,,INDONESIA:  MALUKU:  BANDANAIRA,-5,130,170,,,,,,,,2,81,2,6,1,,,,,,,,2,81,2,6,1
6447,Tsu,1975,3,13,15,26,42.5,4,6.9,,6.9,6.2,,,,8,CHILE,,"CHILE:  COQUIMBO, LA SERENA",-29.9,-71.3,160,2,1,,,25,1,,1,,,,,2,1,,,25,1,,1,,,,
4691,Tsu,1975,5,26,9,11,51.5,33,7.7,7.7,7.9,6.7,,,,6,ATLANTIC OCEAN,,ATLANTIC OCEAN:  MADERIA ISLANDS,35.997,-17.649,70,,,,,,,,1,,,,,,,,,,,,1,,,,
6449,Tsu,1975,6,10,13,47,14.5,15,7,,7,5.8,,,,,RUSSIA,,RUSSIA:  KURIL-JAPAN:  HOKKAIDO,43.024,147.734,50,,,,,,,,,,,,,,,,,,,,,,,,
4694,Tsu,1975,7,20,14,37,39.9,49,7.9,,7.9,6.6,,,,8,PAPUA NEW GUINEA,,PAPUA NEW GUINEA:  BISMARCK SEA: BOUGAINVILLE,-6.59,155.054,170,,,,,,,,3,,2,,,,,,,,,,3,,2,,
4703,Tsu,1975,10,31,8,28,2.6,50,7.6,,7.6,6.4,,,,6,PHILIPPINES,,PHILIPPINES,12.54,125.993,170,1,1,,,,,,,,,,,1,1,,,,,,1,30,1,,
4704,Tsu,1975,11,29,14,47,40.9,2,7.7,7.7,7.2,6,,,,9,USA,HI,HAWAII,19.451,-155.033,150,,,,,,,4,2,,,,,2,1,,,,,4,2,,3,,
4705,Tsu,1975,12,26,15,56,38.7,33,7.8,,7.8,6.4,,,7.8,5,SAMOA,,SAMOA ISLANDS,-16.265,-172.467,170,,,,,,,,,,,,,,,,,,,,,,,,
4709,Tsu,1976,1,14,16,47,33.5,33,8,,8,6.5,,,8.2,,KERMADEC ISLANDS (NEW ZEALAND),,KERMADEC ISLANDS,-28.427,-177.657,170,,,,,,,,1,,,,,,,,,,,,,,,,
6450,Tsu,1976,1,21,10,5,24.1,41,7,,7,6.3,,,,5,RUSSIA,,RUSSIA:  KURIL ISLANDS,44.915,149.123,50,,,,,,,,,,,,,,,,,,,,,,,,
4711,Tsu,1976,2,4,9,1,43.4,5,7.5,,7.5,6.2,,,,9,GUATEMALA,,"GUATEMALA:  CHIMALTENANGO, GUATEMALA CITY",15.324,-89.101,90,23000,4,,,76000,4,2147,4,,,,,23000,4,,,76000,4,2147,4,,,,
4739,Tsu,1976,8,16,16,11,7.3,33,8,8,7.9,6.4,,,,6,PHILIPPINES,,PHILIPPINES:  MINDANAO:  S,6.292,124.09,170,1200,4,,,3500,4,134,4,,,,,8000,4,,,10000,4,134,4,,,,
4769,Tsu,1977,4,2,7,15,22.7,33,7.6,,7.6,6.8,,,,6,SAMOA,,SAMOA ISLANDS:  APIA,-16.696,-172.095,170,,,,,,,,1,,,,,,,,,,,,1,,,,
6798,Tsu,1977,4,20,23,13,10.4,33,6.8,,6.8,6.4,,,,6,SOLOMON ISLANDS,,SOLOMON ISLANDS,-9.828,160.323,170,34,1,,,,,,3,,,,,34,1,,,,,,3,,,,
6797,Tsu,1977,4,20,23,42,50.5,19,7.6,,7.6,6.3,,,,7,SOLOMON ISLANDS,,SOLOMON ISLANDS,-9.89,160.348,170,,,,,,,,1,,,,,,,,,,,,1,,,,
4774,Tsu,1977,4,21,4,24,9.6,33,8.1,,8.1,6.6,,,,7,SOLOMON ISLANDS,,SOLOMON ISLANDS,-9.965,160.731,170,18,1,,,1,1,,3,,,,,18,1,,,1,1,,3,,,,
4777,Tsu,1977,6,22,12,8,33.4,65,7.2,,7.2,7.2,,,7.2,4,TONGA,,TONGA TRENCH,-22.878,-175.9,170,1,1,,,5,1,1.2,2,,,,,,,,,,,,,,,,
4779,Tsu,1977,8,19,6,8,55.2,33,8,,8,7,,,,,INDONESIA,,INDONESIA:  SUNDA ISLANDS,-11.085,118.464,170,,,,,,,,1,,,,,189,3,,,75,2,1.2,2,,,,
6452,Tsu,1977,8,28,20,10,5,33,5.5,,5.5,5.2,,,,4,PAPUA NEW GUINEA,,PAPUA NEW GUINEA:  ADMIRALTY ISLANDS,-1.081,146.23,170,,,,,,,,,,,,,,,,,,,,,,,,
6453,Tsu,1977,10,10,11,53,53.6,33,7.2,,7.2,6.6,,,,,TONGA,,TONGA TRENCH,-25.856,-175.406,170,,,,,,,,,,,,,,,,,,,,,,,,
4788,Tsu,1978,1,14,3,24,39,14,6.6,,6.6,6.2,,,7,5,JAPAN,,"JAPAN:  TOKKAIDO, OSHIMA",34.809,139.259,30,25,1,4,1,129,3,,3,85,2,544,3,25,1,,,129,3,,3,85,2,544,3
6599,Tsu,1978,3,22,0,50,32.2,33,6.7,,6.7,6.3,,,,4,RUSSIA,,RUSSIA:  KURIL ISLANDS,44.026,149.002,50,,,,,,,,,,,,,,,,,,,,,,,,
6799,Tsu,1978,3,22,21,34,33.4,33,6.6,,6.6,6,,,,5,RUSSIA,,RUSSIA:  KURIL ISLANDS,44.14,149.029,50,,,,,,,,,,,,,,,,,,,,,,,,
4796,Tsu,1978,3,23,0,31,2.1,46,6.8,,6.8,6.1,,,,5,RUSSIA,,RUSSIA:  KURIL ISLANDS,44.209,148.971,50,,,,,,,,,,,,,,,,,,,,,,,,
4797,Tsu,1978,3,23,3,15,20.3,33,7.5,,7.5,6.4,,,,6,RUSSIA,,RUSSIA:  KURIL ISLANDS,44.932,148.439,50,,,,,,,,,,,,,,,,,,,,,,,,
4798,Tsu,1978,3,24,19,47,50.7,33,7.6,,7.6,6.5,,,,6,RUSSIA,,RUSSIA:  KURIL ISLANDS,44.244,148.862,50,,,,,,,,,,,,,,,,,,,,,,,,
4806,Tsu,1978,6,12,8,14,26.4,44,7.7,,7.7,6.8,,,,8,JAPAN,,JAPAN:  SANRIKU,38.19,142.028,30,28,1,,,10000,4,865,4,,4,,,28,1,,,10000,4,865,4,,4,,
6455,Tsu,1978,6,14,12,32,33.9,24,6.9,,6.9,6.1,,,,,PHILIPPINES,,"MINDANAO ISLAND, PHILIPPINES",8.249,122.403,170,,,,,,,,,,,,,,,,,,,,,,,,
4808,Tsu,1978,6,20,20,3,21,3,6.4,,6.4,6.1,,,,8,GREECE,,GREECE: THESSALONIKI,40.739,23.229,130,50,1,,,,3,250,4,,,,,50,1,,,,3,250,4,,,,
7775,Tsu,1978,6,22,6,20,,,,,,,,,,,ITALY,,ITALY:  ADRIATIC SEA,,,130,,,,,,,,,,,,,,,,,,,,,,,,
6456,Tsu,1978,7,23,14,42,36.9,17,7.4,,7.4,6.5,,,,,TAIWAN,,TAIWAN,22.282,121.512,30,,,,,,,,,,,,,,,,,,,,,,,,
8260,Tsu,1978,8,14,14,17,50.4,30,4.4,,4.4,5,,,,,SPAIN,,SPAIN,36.63,-6.871,130,,,,,,,,,,,,,,,,,,,,,,,,
4819,Tsu,1978,11,29,19,52,47.6,18,7.7,,7.7,6.4,,,,,MEXICO,,MEXICO:  OAXACA,16.01,-96.591,150,9,1,,,,3,,2,,,,,9,1,,,,3,,2,,,,
6600,Tsu,1979,2,20,6,32,32.2,10,6.4,,6.4,6,,,,,JAPAN,,"IWATE, JAPAN",40.232,143.703,30,,,,,,,,,,,,,,,,,,,,,,,,
6457,Tsu,1979,2,28,21,27,8.1,18,7.5,7.5,7.1,6.4,,,,7,USA,AK,ALASKA,60.691,-141.671,150,,,,,,,,1,,,,,,,,,,,,1,,,,
4828,Tsu,1979,3,14,11,7,16.3,49,7.6,,7.6,6.5,,,,,MEXICO,,MEXICO:  GUERRERO,17.813,-101.276,150,5,1,,,35,1,30,4,200,3,,,5,1,,,35,1,30,4,200,3,,
7281,Tsu,1979,4,9,2,10,20.3,10,5.3,,5.3,,,,,,SERBIA AND MONTENEGRO,,MONTENEGRO: BAR ULCINJ,41.956,19.023,130,,,,,,,,,,,,,,,,,,,,,,,,
4830,Tsu,1979,4,15,6,19,44.1,10,6.9,,6.9,6.2,6.9,,,9,SERBIA AND MONTENEGRO,,BALKANS NW:  MONTENEGRO,42.096,19.209,130,131,3,,,1001,4,2700,4,,4,,,131,3,,,1001,4,2700,4,,4,,
7282,Tsu,1979,5,15,6,59,21.2,33,5.6,,5.6,5.6,5.4,,,,GREECE,,GREECE: CRETE,34.53,24.437,130,,,,,,,,,,,,,,,,,,,,,,,,
4842,Tsu,1979,9,12,5,17,51.4,5,7.9,,7.9,6.3,,,,,INDONESIA,,INDONESIA:  NEW GUINEA:  IRIAN JAYA,-1.679,136.04,170,15,1,,,,3,,3,1000,3,,,115,3,,,,3,,3,1000,3,,
4856,Tsu,1979,11,16,15,21,25.7,33,6.9,,6.9,6.1,,,,,FIJI,,FIJI ISLANDS,-16.76,-179.984,170,,,,,,,,2,,,,,,,,,,,,2,,,,
4863,Tsu,1979,12,12,7,59,3.3,33,7.7,,7.7,6.4,,,,9,COLOMBIA,,"COLOMBIA: OFF SHORE, PACIFIC OCEAN",1.598,-79.358,160,600,3,,,20000,4,8,3,10000,4,,,600,3,,,20000,4,8,3,10000,4,,
4868,Tsu,1980,1,1,16,42,40,10,6.7,,6.7,6,,,,8,AZORES (PORTUGAL),,"AZORES:   TERCEIRA, ANGRA DO HEROISMO",38.815,-27.78,130,69,2,,,600,3,5,2,,,,,69,2,,,600,3,5,2,,,,
6459,Tsu,1980,2,23,5,51,3.2,44,7,,7,6.3,,,,7,RUSSIA,,RUSSIA:  S. KURIL ISLANDS,43.53,146.753,50,,,,,,,,,,,,,,,,,,,,,,,,
4876,Tsu,1980,5,18,15,32,11.4,4,5.2,,5.2,4.7,5,,,5,USA,WA,WASHINGTON:  MT ST HELENS,46.214,-122.194,150,,,,,,,,,,,,,57,2,,,,,2000,4,,,,
4880,Tsu,1980,6,29,7,20,5.5,15,6.2,,6.2,5.8,,,,8,JAPAN,,JAPAN:  HONSHU:  S COAST,34.808,139.181,30,,,,,7,1,,2,,,,,,,,,7,1,,2,,,,
4885,Tsu,1980,7,17,19,42,23.2,33,7.9,,7.9,5.8,,,,,SOLOMON ISLANDS,,SOLOMON ISLANDS:  SANTA CRUZ ISLANDS; VANUATU,-12.525,165.916,170,,,,,,,,,,,,,,,,,,,,,,,,
4896,Tsu,1980,10,10,12,25,23.5,10,7.7,,7.7,6.5,,,,10,ALGERIA,,ALGERIA:  NORTHERN,36.195,1.354,15,5000,4,,,9000,4,5200,4,25000,4,,,5000,4,,,9000,4,5200,4,250000,4,,
6460,Tsu,1981,1,18,18,17,24.4,33,6.9,,6.9,6.4,,,,,JAPAN,,JAPAN:  E. HONSHU ISLAND,38.64,142.75,30,,,,,,,,,,,,,,,,,,,,,,,,
4915,Tsu,1981,2,24,20,53,38.4,33,6.7,,6.7,5.9,,,,8,GREECE,,GREECE:  ATHENS-EASTERN GULF OF CORINTH,38.222,22.934,130,22,1,,,400,3,812,4,8000,4,,,22,1,,,400,3,812,4,8000,4,,
4920,Tsu,1981,5,25,5,25,14.4,33,7.6,,7.6,6.1,,,,,NEW ZEALAND,,NEW ZEALAND:  W OF NORTH ISLAND,-48.786,164.357,170,,,,,,,,,,,,,,,,,,,,,,,,
4927,Tsu,1981,9,1,9,29,31.5,25,7.7,,7.7,7,,,,6,SAMOA,,SAMOA:  APIA; AMERICAN SAMOA:  PAGO PAGO,-14.96,-173.085,170,,,,,,,,,,,,,,1,,,,,,1,,1,,
4932,Tsu,1981,10,25,3,22,15.5,33,7.3,,7.3,6.2,,,,,MEXICO,,MEXICO:  MICHOACAN: LAZARO CARDENAS,18.048,-102.084,150,9,1,,,,,,3,,,,,,,,,,,,,,,,
4936,Tsu,1982,1,11,6,10,6.4,46,7.1,,7.1,6,,,,7,PHILIPPINES,,"PHILIPPINES:  VIRAC, CATANDUANES",13.752,124.358,170,,,,,,,,1,,,,,,,,,,,,1,,,,
6461,Tsu,1982,2,24,4,22,40.3,52,5.4,,5.4,5.4,,,,,INDONESIA,,INDONESIA:  NORTHERN SUMATERA,4.374,97.755,170,,,,,,,,,,,,,,,,,,,,,,,,
6512,Tsu,1982,3,11,10,32,27.7,33,6.4,,6.4,6.1,,,,,INDONESIA,,INDONESIA:  SUMBAWA ISLAND REGION,-9.265,118.479,170,,,,,,,,,,,,,,,,,,,,,,,,
4940,Tsu,1982,3,21,2,32,7.7,44,6.7,,6.7,6.4,,,,10,JAPAN,,"JAPAN:  HOKKAIDO, URAKAWA, HIROO",42.158,142.361,30,110,3,,,,,1,2,,,,,,,,,,,,,,,,
6601,Tsu,1982,7,23,14,23,53.5,37,6.8,,6.8,6.2,,,,,JAPAN,,"IBARAKI, JAPAN",36.194,141.702,30,,,,,,,,,,,,,,,,,,,,,,,,
4958,Tsu,1982,12,19,17,43,54.8,33,7.7,,7.7,5.9,,,,,TONGA,,TONGA TRENCH,-24.133,-175.864,170,,,,,,,,,,,,,,,,,,,,,,,,
4959,Tsu,1982,12,25,12,28,2.8,33,5.9,,5.9,5.5,,,,,INDONESIA,,INDONESIA:  FLORES ISLAND:  EASTERN,-8.405,123.08,170,13,1,,,390,3,1.45,2,1875,4,,,13,1,,,390,3,1.45,2,1875,4,,
6462,Tsu,1982,12,28,6,37,42.5,22,6.1,,6.1,5.9,,,,,JAPAN,,JAPAN:  S. OF HONSHU ISLAND,33.826,139.434,30,,,,,,,,,,,,,,,,,,,,,,,,
7283,Tsu,1983,1,17,12,41,29.7,14,7.2,,7.2,6.1,,,,,GREECE,,GREECE: IONIAN SEA,38.026,20.228,130,,,,,,,,,,,,,,,,,,,,,,,,
6463,Tsu,1983,3,12,1,36,35.8,17,6.5,,6.5,6,,,,,INDONESIA,,INDONESIA:  BANDA SEA,-4.056,127.924,170,,,,,,,,1,,,,,,,,,,,,1,,,,
4965,Tsu,1983,3,18,9,5,50,89,7.6,,7.6,6.5,,,,7,PAPUA NEW GUINEA,,PAPUA NEW GUINEA:  NEW IRELAND,-4.883,153.581,170,,,,,,,,2,,,,,,,,,,,,2,,,,
4978,Tsu,1983,5,26,2,59,59.6,24,7.7,,7.7,6.8,,,,8,JAPAN,,JAPAN:  HONSHU:  AKITA,40.462,139.102,30,4,1,,,324,3,800,4,,,,,104,3,,,324,3,800,4,,,,
6464,Tsu,1983,6,9,12,49,3.8,26,5.9,5.9,5.6,6.3,,,,,JAPAN,,"NOSHIRO, JAPAN",40.249,138.948,30,,,,,,,,,,,,,,,,,,,,,,,,
6465,Tsu,1983,6,21,6,25,27.3,10,6.9,,6.9,6.7,,,,,JAPAN,,JAPAN:  N. HONSHU ISLAND,41.346,139.099,30,,,,,,,,1,,,,,,,,,,,,1,,,,
4985,Tsu,1983,8,6,15,43,51.2,2,7,,7,6.2,,,,6,GREECE,,GREECE:  AEGEAN SEA,40.142,24.766,130,,,,,,,,1,,,,,,,,,,,,1,,,,
6549,Tsu,1983,8,17,10,55,54.1,63,6.5,,6.5,6.6,,,,,RUSSIA,,RUSSIA:  NEAR EAST COAST OF KAMCHATKA,55.867,161.287,50,,,,,,,,,,,,,,,,,,,,,,,,
4987,Tsu,1983,8,17,12,17,56,29,6.5,,6.5,6.2,,,,8,PHILIPPINES,,PHILIPPINES:  LUZON,18.231,120.86,170,16,1,,,47,1,2.227,2,,3,,3,16,1,,,471,3,2.227,2,,3,,
4991,Tsu,1983,10,4,18,52,13.3,15,7.3,,7.3,6.4,,,,7,CHILE,,CHILE:  NORTHERN:  COPOAPO-CHANARAL,-26.535,-70.563,160,5,1,,,12,1,1,2,40,1,,,5,1,,,12,1,1,2,40,1,,
5007,Tsu,1983,11,30,17,46,0.6,10,7.6,,7.6,6.6,,,,6,UK TERRITORY,,INDIAN OCEAN:  CHAGOS ARCHIPELAGO:  DIEGO GARCIA,-6.852,72.11,60,,,,,,,,1,,,,,,,,,,,,1,,,,
5019,Tsu,1984,1,8,15,24,13.5,33,6.6,,6.6,6,,,,,INDONESIA,,INDONESIA:  SULAWESI:  W,-2.823,118.806,170,2,1,,,89,2,0.5,1,,,685,3,2,1,,,89,2,0.5,1,,,685,3
6817,Tsu,1984,2,11,8,2,51.5,29,5.4,,5.4,5.3,5.1,,,,GREECE,,GREECE:  MANAGOULI-AIYION,38.396,22.094,130,,,,,,,,1,,,,,,,,,,,,1,,,,
6466,Tsu,1984,3,24,9,44,2.6,44,7,,7,6.1,,,,,RUSSIA,,RUSSIA:  KURIL ISLANDS,44.117,148.192,50,,,,,,,,,,,,,,,,,,,,,,,,
6652,Tsu,1984,6,13,2,29,25.3,41,5.5,,5.5,5.5,,,,,JAPAN,,"JAPAN:  TORI SHIMA, OKINAWA",31.448,140.036,30,,,,,,,,,,,,,,,,,,,,,,,,
5041,Tsu,1984,8,6,19,6,38.3,46,6.7,,6.7,6.3,,,,6,JAPAN,,JAPAN:  KYUSHU:  NOBEOKA,32.386,131.945,30,20,1,,,,,,2,,,,,20,1,,,,,,2,,,,
6467,Tsu,1984,9,18,17,2,44.3,48,6.9,,6.9,6.6,,,,,JAPAN,,JAPAN:  HONSHU ISLAND,34.006,141.5,30,,,,,,,,,,,,,,,,,,,,,,,,
6330,Tsu,1984,12,28,10,37,53.7,33,7,,7,6.2,,,,,RUSSIA,,RUSSIA:  KAMCHATKA,56.2,163.4,50,,,,,,,,,,,,,,,,,,,,,,,,
5056,Tsu,1985,3,3,22,47,9.5,40,8,8,7.8,6.7,,,,8,CHILE,,"CHILE:  CENTRAL COAST, SAN ANTONIO, VALPARAISO",-33.132,-71.708,160,180,3,,,2575,4,1500,4,,4,,,180,3,,,2575,4,1500,4,,4,,
5059,Tsu,1985,3,16,14,54,0.7,13,6.3,,6.3,6.3,,,,6,GUADELOUPE,,GUADELOUPE,17.013,-62.448,90,,,,,6,1,,1,,,,,,,,,6,1,,1,,,,
5063,Tsu,1985,4,13,1,6,0.1,99,6.2,,,6.2,,,,,INDONESIA,,"INDONESIA:  DENPASAR, BALI",-9.245,114.185,170,,,,,,,,2,,2,,,,,,,,,,2,,2,,
5069,Tsu,1985,7,3,4,36,51.7,46,7.2,,7.2,6.3,,,,7,PAPUA NEW GUINEA,,PAPUA NEW GUINEA:  NEW BRITAIN:  RABAUL,-4.439,152.828,170,,,,,,,1,2,,,,,,,,,,,1,2,,,,
5076,Tsu,1985,9,19,13,17,47.3,28,8.1,,8.1,6.8,,,,9,MEXICO,,MEXICO:  MICHOACAN:  MEXICO CITY,18.19,-102.533,150,9500,4,,,30000,4,4000,4,,4,,,9500,4,,,30000,4,4000,4,,4,,
5078,Tsu,1985,9,21,1,37,13.4,31,7.6,,7.6,6.3,,,,6,MEXICO,,MEXICO:  SW COAST:  MEXICO CITY,17.802,-101.647,150,,2,,,,,,2,,,,,,2,,,,,,2,,,,
5095,Tsu,1986,5,7,22,47,10.8,19,8,8,7.7,6.4,,,,6,USA,AK,ALASKA:  ALEUTIAN ISLANDS:  ADAK,51.52,-174.776,150,,,,,,,,2,,,,2,,,,,,,,2,,,,2
6468,Tsu,1986,5,17,16,20,22.2,26,6.4,6.4,6.6,5.8,,,,,USA,AK,ALASKA:  ANDREANOF ISLANDS,52.327,-174.504,150,,,,,,,,,,,,,,,,,,,,,,,,
5115,Tsu,1986,10,20,6,46,9.9,29,8.1,,8.1,6.6,,,,,KERMADEC ISLANDS (NEW ZEALAND),,KERMADEC ISLANDS:  RAOUL,-28.117,-176.367,170,,,,,,,,1,,,,,,,,,,,,1,,,,
5116,Tsu,1986,11,14,21,20,10.5,34,7.8,,7.8,6.3,,,,8,TAIWAN,,"TAIWAN:  TAIPEI, HUALIEN",23.901,121.574,30,15,1,,,44,1,,1,,,,,15,1,,,44,1,,1,,,,
6631,Tsu,1987,2,6,13,16,17.8,48,6.3,,6.3,6.1,,,,,JAPAN,,JAPAN:  EAST COAST HONSHU,36.988,141.689,30,,,,,,,,,,,,,,,,,,,,,,,,
5126,Tsu,1987,2,8,18,33,58.3,55,7.6,,7.6,,,,,7,PAPUA NEW GUINEA,,"PAPUA NEW GUINEA:  HUON PENINSULA, UMBOI ISLAND",-6.088,147.689,170,3,1,,,,,2.625,2,,3,,,3,1,,,,,2.625,2,,3,,
5129,Tsu,1987,3,5,9,17,5.2,62,7.3,,7.3,6.5,,,,6,CHILE,,"CHILE:  ANTOFAGASTA, ARICA",-24.388,-70.161,160,1,1,,,,,,2,,,,,1,1,,,,,,2,,,,
5132,Tsu,1987,3,18,3,36,30.3,54,6.7,,6.7,6.4,,,,,JAPAN,,"JAPAN:  KYUSHU:  MIYAZAKI, NAZE",32.034,131.837,30,2,1,,,5,1,,2,,,,,2,1,,,5,1,,2,,,,
6469,Tsu,1987,3,24,12,49,47,23,5.1,,5.1,5.7,,,,,JAPAN,,JAPAN:  HONSHU ISLAND,37.447,137.865,30,,,,,,,,,,,,,,,,,,,,,,,,
6818,Tsu,1987,6,18,14,3,16.7,75,6.3,6.3,,6,,,,,SOLOMON ISLANDS,,SOLOMON ISLANDS,-10.717,162.33,170,,,,,,,,,,,,,,,,,,,,,,,,
6819,Tsu,1987,7,6,2,49,42.7,48,6.6,,6.6,5.9,,,,,VANUATU,,VANUATU ISLANDS,-14.074,167.828,170,,,,,,,,,,,,,,,,,,,,,,,,
6470,Tsu,1987,10,6,4,19,6,16,7.3,,7.3,6.7,,,,,TONGA,,TONGA ISLANDS,-17.94,-172.225,170,,,,,,,,,,,,,,,,,,,,,,,,
6471,Tsu,1987,10,12,13,57,4.7,25,6.8,,6.8,6.3,,,,,PAPUA NEW GUINEA,,PAPUA NEW GUINEA:  SOLOMON SEA,-7.288,154.371,170,,,,,,,,,,,,,,,,,,,,,,,,
5147,Tsu,1987,10,16,20,48,1.6,48,7.7,,7.7,5.9,,,,8,PAPUA NEW GUINEA,,"PAPUA NEW GUINEA:  NEW BRITAIN:  KANDRIAN, KIMBTE",-6.266,149.06,170,,,,,,,,2,,,,,,,,,,,,2,,,,
6472,Tsu,1987,11,17,8,46,53.3,10,7.2,7.2,6.9,6.6,,,,,USA,AK,ALASKA:  GULF OF ALASKA,58.586,-143.27,150,,,,,,,,,,,,,,,,,,,,,,,,
5150,Tsu,1987,11,26,1,43,14,33,6.5,,6.5,5.8,,,,,INDONESIA,,"INDONESIA:  TIMOR:  PANTAR, MOUNT SIRUNG",-8.247,124.155,170,125,3,,,108,3,5,2,237,3,,,125,3,,,108,3,5,2,237,3,,
5152,Tsu,1987,11,30,19,23,19.5,10,7.9,7.9,7.6,6.7,,,,6,USA,AK,ALASKA:  YAKUTAT,58.679,-142.786,150,,,,,,,,1,,,,,,,,,,,,1,,,,
6473,Tsu,1988,2,5,14,1,2.7,37,6.7,,6.7,6.2,,,,,CHILE,,CHILE:  TALTAL,-24.753,-70.433,160,,,,,,,,1,,,,,,,,,,,,1,,,,
5159,Tsu,1988,3,6,22,35,36.9,15,7.8,7.8,7.6,6.8,7.4,,,5,USA,AK,ALASKA:  GULF OF ALASKA:  ANCHORAGE,57.262,-142.747,150,,,,,,,,1,,,,,,,,,,,,1,,,,
6474,Tsu,1988,6,24,2,6,26.3,53,5.4,,,5.4,,,,,PHILIPPINES,,PHILIPPINES:  LUZON:  LAOAG,18.606,121.013,170,,,,,,,,,,,,,,,,,,,,1,,,,
5162,Tsu,1988,7,5,20,32,7.2,53,6.8,,6.8,6,,,,5,PAPUA NEW GUINEA,,"PAPUA NEW GUINEA:  NEW BRITAIN:  KANDRIAN, ARAWE",-5.964,148.78,170,,,,,,,,2,,,,,,,,,,,,,,,,
5164,Tsu,1988,8,6,0,36,24.6,91,7.2,,7.2,6.8,,,,6,MYANMAR (BURMA),,"MYANMAR (BURMA);  INDIA:  GAUHATI, SIBSAGAR, IMPHAL",25.149,95.127,60,38,1,,,,,1,2,,,,,,,,,,,,,,,,
5165,Tsu,1988,8,10,4,38,29.2,36,7.6,7.6,7.4,6,,,,,SOLOMON ISLANDS,,"SOLOMON ISLANDS:  SAN CRISTOBAL, GUADALCANAL",-10.258,160.896,170,,,,,,,,,,,,,1,1,,,,,,1,100,2,,
5198,Tsu,1989,5,23,10,54,46.3,10,8.2,,8.2,6.4,,,,7,AUSTRALIA,TAS,MACQUARIE ISLAND:  MACQUARIE STATION; NEW ZEALAND,-52.341,160.568,170,,,,,,,,1,,,,,,,,,,,,,,,,
5203,Tsu,1989,6,26,3,27,3.9,9,6.1,,6.1,5.8,,,,6,USA,HI,HAWAIIAN ISLANDS:  PUNA DISTRICT,19.362,-155.083,150,,,,,5,1,,2,105,3,,,,,,,5,1,,2,105,3,,
6475,Tsu,1989,9,4,13,14,58.2,11,6.9,,6.9,6.5,6.9,,,,USA,AK,ALASKA,55.543,-156.835,150,,,,,,,,,,,,,,,,,,,,,,,,
5213,Tsu,1989,10,18,0,4,15.2,19,6.9,6.9,7.1,6.5,,,,9,USA,CA,CALIFORNIA:  LOMA PRIETA,37.036,-121.883,150,62,2,,,3757,4,5600,4,,3,,,62,2,,,3757,4,5600,4,,3,,
6476,Tsu,1989,10,29,5,25,38.2,10,6.6,,6.6,6,,,,,JAPAN,,JAPAN:  N. HONSHU ISLAND,39.571,143.333,30,,,,,,,,,,,,,,,,,,,,,,,,
5216,Tsu,1989,10,29,19,9,12.9,6,5.7,,5.7,5.7,6.1,,,8,ALGERIA,,"ALGERIA:  ALGIERS, CHERCHELL, TIPAZA",36.788,2.448,15,30,1,,,245,3,5,2,,,,,,,,,,,,,,,,
6620,Tsu,1989,11,1,10,25,52.2,26,4.4,,4.4,5.2,,,,,USA TERRITORY,PR,PUERTO RICO: MONA PASSAGE,18.986,-68.833,90,,,,,,,,,,,,,,,,,,,,,,,,
5217,Tsu,1989,11,1,18,25,34.9,29,7.4,,7.4,6.4,,,,6,JAPAN,,"JAPAN:  HONSHU: N, AOMORI, MISAWA",39.837,142.76,30,,,,,,,,1,,,,,,,,,,,,,,,,
5222,Tsu,1990,2,8,7,15,32.2,26,6.6,,6.6,6.2,,,,7,PHILIPPINES,,"PHILIPPINES:  BOHOL, CEBU, CAGAYAN DE ORO, CAMIGUIN",9.755,124.694,170,,2,,,300,3,0.9,1,,,600,3,,2,,,300,3,0.9,1,,,600,3
6477,Tsu,1990,2,20,6,53,39.8,14,6.4,,6.4,6.1,,,,,JAPAN,,JAPAN:  NEAR S. COAST OF HONSHU,34.706,139.252,30,,,,,,,,,,,,,,,,,,,,,,,,
5225,Tsu,1990,3,25,13,22,55.6,22,7,,7,6.2,,,,8,COSTA RICA,,"COSTA RICA:  PUNTARENAS, SAN JOSE",9.919,-84.808,100,,,,,10,1,,2,,,60,2,,,,,10,1,,2,,,60,2
5229,Tsu,1990,4,5,21,12,35.5,11,7.5,,7.5,6.5,,,,4,USA TERRITORY,MP,NORTHERN MARIANA ISLANDS:  SAIPAN; GUAM,15.125,147.596,170,,,,,,,,,,,,,,,,,,,,,,,,
6602,Tsu,1990,9,23,21,13,7.4,10,6.5,,6.5,6,,,,,JAPAN,,"JAPAN:  W. OF BONIN ISLANDS, IZU IS.",33.267,138.643,30,,,,,,,,,,,,,,,,,,,,,,,,
5268,Tsu,1990,12,13,0,24,25.7,11,5.3,,5.3,5.5,,,,7,ITALY,,ITALY:  SICILY:  CARLENTINI,37.3,15.438,130,19,1,,,200,3,500,4,,,,,19,1,,,200,3,500,4,,,,
7802,Tsu,1990,12,13,19,50,17.8,10,6.3,,6.3,5.9,,,,5,TAIWAN,,TAIWAN:  HUA-LIEN,23.722,121.627,30,,,,,,,,1,,,,,,,,,,,,1,,,,
6478,Tsu,1991,2,9,16,18,58.3,10,6.9,6.9,6.9,6.4,,,,,SOLOMON ISLANDS,,SOLOMON ISLANDS,-9.929,159.139,170,,,,,,,,1,,,,,,,,,,,,1,,,,
6479,Tsu,1991,2,16,1,23,40.4,39,5.7,,5.7,6.3,,,,,RUSSIA,,RUSSIA:  KURIL ISLANDS,48.268,154.328,50,,,,,,,,,,,,,,,,,,,,,,,,
6480,Tsu,1991,2,21,2,35,34,20,6.7,6.7,6.5,6.2,,,,,BERING SEA,AK,BERING SEA,58.427,-175.45,80,,,,,,,,,,,,,,,,,,,,,,,,
5282,Tsu,1991,4,22,21,56,51.8,10,7.6,7.6,7.4,6.3,,,7.6,10,COSTA RICA,,"COSTA RICA:  LIMON, PANDORA",9.685,-83.073,90,87,2,,,,,510,4,,,,,89,2,,,,,510,4,,,,
6481,Tsu,1991,10,14,15,58,12.7,23,7.2,7.2,7.1,6.3,,,,,SOLOMON ISLANDS,,SOLOMON ISLANDS,-9.094,158.442,170,,,,,,,,,,,,,,,,,,,,,,,,
6482,Tsu,1991,12,22,8,43,13.4,24,7.6,7.6,7.4,6.3,,,,,RUSSIA,,"RUSSIA:  KAMCHATKA, KURIL ISLANDS",45.533,151.021,50,,,,,,,,,,,,,,,,,,,,,,,,
6483,Tsu,1992,1,5,6,,,8,3.7,,3.7,,,,,,CHINA,,CHINA:  S. CHINA SEA,18,108,30,,,,,,,,,,,,,,,,,,,,1,,,,
5321,Tsu,1992,4,25,18,6,4.2,15,7.1,,7.1,6.3,,,,8,USA,CA,"CALIFORNIA: HUMBOLDT COUNTY: FERNDALE, PETROLIA",40.368,-124.316,150,,,,,98,2,75,4,,,,,,,,,98,2,75,4,,,,
5324,Tsu,1992,5,17,10,15,31.3,33,7.5,,7.5,6.4,,,,,PHILIPPINES,,"PHILIPPINES:  MINDANAO, TANDAG, BISLIG",7.191,126.762,170,,,,,,,,1,,,,,,,,,,,,1,,,,
6331,Tsu,1992,5,27,5,13,38.8,19,7,,7,6.3,,,,,SOLOMON ISLANDS,,SOLOMON ISLANDS:  SANTA CRUZ ISLANDS,-11.122,165.239,170,,,,,,,,,,,,,,,,,,,,,,,,
6484,Tsu,1992,7,18,8,36,58.7,29,7,,7,6.2,,,,,JAPAN,,JAPAN:  HONSHU ISLAND,39.419,143.33,30,,,,,,,,,,,,,,,,,,,,,,,,
9818,Tsu,1992,8,11,15,14,55.1,16,6.3,,6.3,5.8,,,,,JAPAN,,JAPAN:  HONSHU:  S,32.536,141.641,30,,,,,,,,,,,,,,,,,,,,,,,,
5335,Tsu,1992,9,2,0,16,2.8,40,7.7,,7.7,5.4,,,,,NICARAGUA,,NICARAGUA:  MASACHAPA; COSTA RICA,11.727,-87.386,100,,1,,,,,,,,,,,170,3,,,489,3,30,4,1500,4,,
5343,Tsu,1992,12,12,5,29,26.3,28,7.8,7.8,7.5,6.5,,,,,INDONESIA,,"INDONESIA:  FLORES REGION, MAUMERE, BABI",-8.48,121.896,60,1000,4,,,500,3,100,4,31785,4,,,2500,4,,,2103,4,100,4,31785,4,,
5348,Tsu,1993,2,7,13,27,42,11,6.3,6.3,6.2,6.3,,,,,JAPAN,,"JAPAN:  HONSHU:  ISHIKAWA, TOYAMA, NIIGATA",37.634,137.245,30,,,,,,,,1,,,,,,,,,,,,,,,,
5354,Tsu,1993,6,8,13,3,36.4,71,7.5,7.5,7.3,6.4,,,,,RUSSIA,,RUSSIA:  KAMCHATKA,51.218,157.829,50,,,,,,,,1,,,,,,,,,,,,,,,,
10046,Tsu,1993,6,18,11,52,54.8,20,6.6,6.6,6.6,6.2,,,,,KERMADEC ISLANDS (NEW ZEALAND),,KERMADEC ISLANDS,-28.886,-176.819,170,,,,,,,,,,,,,,,,,,,,,,,,
5357,Tsu,1993,7,12,13,17,11.9,17,7.7,7.7,7.6,6.6,,,,8,JAPAN,,JAPAN:  HOKKAIDO; RUSSIA:  SOUTHEAST; SOUTH KOREA,42.851,139.197,30,23,3,,,233,3,1207,4,,3,,,231,3,,,233,3,1207,4,2374,4,,
6486,Tsu,1993,8,7,19,42,41.9,13,6.3,6.3,6.1,6.2,,,,,JAPAN,,JAPAN,41.985,139.839,30,,,,,,,,,,,,,,,,,,,,,,,,
5360,Tsu,1993,8,8,8,34,24.9,59,7.8,7.8,8,7.1,,,,9,USA TERRITORY,GU,"GUAM:  TUMAN BAY, APRA HARBOR",12.982,144.801,170,,,,,48,1,250,4,,,,,,,,,48,1,250,4,,,,
6487,Tsu,1993,11,13,1,18,4.1,34,7,7,7,6.5,,,,,RUSSIA,,RUSSIA:  KAMCHATKA,51.934,158.647,50,,,,,,,,1,,,,,,,,,,,,1,,,,
5372,Tsu,1994,1,17,12,30,55.3,18,6.7,6.7,6.8,6.4,,,,9,USA,CA,CALIFORNIA:  NORTHRIDGE,34.213,-118.537,150,60,2,,,7000,4,40000,4,40000,4,,,60,2,,,7000,4,40000,4,40000,4,,
5375,Tsu,1994,1,21,2,24,29.9,20,7,7,7.2,6.2,,,,,INDONESIA,,INDONESIA:  KAU,1.015,127.733,170,9,1,,,300,3,,2,,,550,3,9,1,,,300,3,,2,,,550,3
6604,Tsu,1994,4,8,1,10,40.8,13,6.4,6.4,6.3,6,,,,,JAPAN,,JAPAN:  OFF EAST COAST OF HONSHU ISLAND,40.608,143.683,30,,,,,,,,,,,,,,,,,,,,,,,,
9819,Tsu,1994,5,24,4,0,42.1,16,6.5,6.5,6.7,6.2,,,,4,TAIWAN,,TAIWAN,23.959,122.448,30,,,,,,,,,,,,,,,,,,,,,,,,
5385,Tsu,1994,6,2,18,17,34,18,7.8,7.8,7.2,5.7,,,,,INDONESIA,,INDONESIA:  JAVA,-10.477,112.835,170,,1,,,,,,1,,,,,238,3,,,423,3,2.2,2,1500,4,,
6832,Tsu,1994,6,3,21,6,59.8,26,6.6,6.6,6.4,6.1,,,,,INDONESIA,,INDONESIA:  JAVA,-10.362,112.892,170,,,,,,,,,,,,,,,,,,,,,,,,
10108,Tsu,1994,6,4,0,57,50.6,11,6.5,6.5,6.3,6,,,,,INDONESIA,,INDONESIA:  JAVA,-10.777,113.366,170,,,,,,,,,,,,,,,,,,,,,,,,
6833,Tsu,1994,6,5,1,45,2.7,17,6.1,6.1,6.3,5.7,,,,,INDONESIA,,INDONESIA:  JAVA,-10.341,113.369,170,,,,,,,,,,,,,,,,,,,,,,,,
6488,Tsu,1994,9,1,15,15,53,10,7,7,7,6.6,,,,6,USA,CA,CALIFORNIA:  NORTH:  HONEYDEW,40.402,-125.68,150,,,,,,,,1,,,,,,,,,,,,1,,,,
5392,Tsu,1994,10,4,13,22,55.8,14,8.3,8.3,8.1,7.3,,,,9,RUSSIA,,RUSSIA:  KURIL ISLANDS; JAPAN:  HOKKAIDO,43.773,147.321,50,11,1,,,382,3,,3,,,,,11,1,,,382,3,,3,,,,
5393,Tsu,1994,10,8,21,44,7.2,17,6.8,6.8,6.8,6.4,,,,,INDONESIA,,INDONESIA:  HALMAHERA,-1.258,127.98,170,1,1,,,52,2,,2,,,500,3,1,1,,,52,2,,2,,,500,3
6605,Tsu,1994,10,9,7,55,39.5,33,7.3,7.3,7.1,6.5,,,,,RUSSIA,,RUSSIA:  KURIL ISLANDS,43.905,147.916,50,,,,,,,,,,,,,,,,,,,,,,,,
5394,Tsu,1994,11,14,19,15,30.6,32,7.1,7.1,7.1,6.1,,,,,PHILIPPINES,,PHILIPPINES:  MINDORO,13.525,121.067,170,81,2,,,225,3,3.7,2,797,3,3288,4,81,2,,,225,3,3.7,2,797,3,3288,4
5397,Tsu,1994,12,28,12,19,23,27,7.8,7.8,7.5,6.4,,,,9,JAPAN,,JAPAN:  HONSHU,40.525,143.419,30,3,1,,,200,3,170.4,4,,,,,3,1,,,200,3,170.4,4,,,,
5399,Tsu,1995,1,16,20,46,52.1,22,6.9,6.9,6.8,6.3,,,,11,JAPAN,,"JAPAN:  SW HONSHU:  KOBE, AWAJI-SHIMA, NISHINOMIYA",34.583,135.018,30,5502,4,,,36896,4,100000,4,200000,4,,,5502,4,,,36896,4,100000,4,200000,4,,
5407,Tsu,1995,4,7,22,6,56.8,21,7.4,7.4,8,6.8,,,,,SAMOA,,SAMOA:  APIA; AMERICAN SAMOA:  PAGO PAGO; NIUE,-15.199,-173.529,170,,,,,,,,,,,,,,,,,,,,,,,,
6492,Tsu,1995,4,21,0,34,46,21,7.2,7.2,7.3,6.3,,,,,PHILIPPINES,,PHILIPPINES:  SAMAR,12.059,125.58,170,,,,,,,,,,,,,,,,,,,,,,,,
6493,Tsu,1995,4,21,5,17,1.3,23,6.8,6.8,6.9,5.6,,,,,PHILIPPINES,,PHILIPPINES:  SAMAR,12.047,125.92,170,,,,,,,,,,,,,,,,,,,,,,,,
5408,Tsu,1995,5,13,8,47,12.7,14,6.6,6.6,6.6,6.2,,,,8,GREECE,,"GREECE:  GREVENA-KOZANI, THESSALONIKI, YUGOSLAVIA",40.149,21.695,130,,,,,25,1,450,4,12000,4,,,,,,,25,1,450,4,12000,4,,
5410,Tsu,1995,5,14,11,33,21.1,13,6.9,6.9,6.9,6.2,6.9,,,7,INDONESIA,,"INDONESIA:  TIMOR, DILI, MALIANA, MAUBARA",-8.452,125.049,170,,,,,,,,,,,,,11,1,,,19,1,,1,,2,,
5411,Tsu,1995,5,16,20,12,44.2,20,7.7,,7.7,6.9,7.7,,,3,NEW CALEDONIA,,NEW CALEDONIA:  NOUMEA; VANUATU:  PORT-VILA,-23.008,169.9,170,,,,,,,,,,,,,,,,,,,,,,,,
5412,Tsu,1995,5,27,13,3,52.6,11,7.1,,7.1,6.7,7.5,,,9,RUSSIA,,"RUSSIA:  SAKHALIN IS:  NEFTEGORSK, OKHA, MOSKALVO",52.629,142.827,50,1989,4,,,750,3,300,4,,,,,1989,4,,,750,3,300,4,,,,
5413,Tsu,1995,6,15,0,15,48.7,14,6.5,6.5,6.5,6.1,,,,7,GREECE,,"GREECE:  AIYION, ERATINI",38.401,22.283,130,26,1,,,60,2,660,4,,,,,26,1,,,60,2,660,4,,,,
5416,Tsu,1995,7,30,5,11,23.6,46,8,8,7.3,6.6,,,,7,CHILE,,"CHILE:  ANTOFAGASTA, CALAMA, MEJILLONES",-23.34,-70.294,160,3,1,,,58,2,1.66,2,115,3,,,3,1,,,,,1.791,2,115,3,,
5417,Tsu,1995,8,16,10,27,28.6,30,7.7,7.7,7.8,6.5,,,,,PAPUA NEW GUINEA,,"PAPUA NEW GUINEA:  RABAUL, KOKOPO, NEW BRITAIN",-5.799,154.178,170,,,,,,,,1,,,,,,,,,,,,,,,,
5418,Tsu,1995,9,14,14,4,31.4,23,7.4,7.4,7.2,6.4,,,,,MEXICO,,"MEXICO:  GUERRERO, OAXACA, PUEBLA, MEXICO CITY",16.779,-98.597,150,3,1,,,100,2,,2,,,,,3,,,,100,2,,2,,,,
5423,Tsu,1995,10,9,15,35,53.9,33,8,8,7.4,6.6,,,,,MEXICO,,"MEXICO:  JALISCO, MANZANILLO, SAN PATRICIO MELAQUE",19.055,-104.205,150,49,2,,,200,3,,2,,2,,,50,1,,,200,3,,2,,2,,
6495,Tsu,1995,10,18,10,37,26.3,28,7.1,7.1,6.9,6.4,,,,,JAPAN,,JAPAN:  RYUKU IS.,27.929,130.175,30,,,,,1,1,,,,,,,,,,,1,1,,1,,,,
6496,Tsu,1995,10,19,2,41,36.1,20,6.8,6.8,6.9,6.3,,,,,JAPAN,,JAPAN:  RYUKU IS.,28.094,130.148,30,,,,,,,,,,,,,,,,,,,,,,,,
6606,Tsu,1995,11,1,0,35,32.7,20,6.7,6.7,6.4,6.3,,,,,CHILE,,CHILE:  NEAR CENTRAL COAST,-28.906,-71.417,160,,,,,,,,,,,,,,,,,,,,,,,,
5426,Tsu,1995,11,22,4,15,11.9,10,7.2,7.2,7.3,6.2,,,,8,EGYPT,,EGYPT:  NUWAYBI; SAUDI ARABIA; ISRAEL; JORDAN,28.826,34.799,15,12,1,,,,2,,2,,,,,12,1,,,,2,,2,,,,
5427,Tsu,1995,12,3,18,1,8.9,33,7.9,7.9,7.9,6.6,,,,5,RUSSIA,,"RUSSIA:  KURIL ISLANDS:  ITURUP, MATUA, KUNASHIR",44.663,149.3,50,,,,,,,,,,,,,,,,,,,,,,,,
5428,Tsu,1996,1,1,8,5,10.8,24,7.9,7.9,7.6,6.3,,,,6,INDONESIA,,"INDONESIA:  SULAWESI: MINAHASSA PENINSULA, TOLITOLI",0.729,119.931,170,,,,,,,,1,,,,,9,1,,,63,2,1.2,2,400,3,,
5433,Tsu,1996,2,17,5,59,30.5,33,8.2,8.2,8.1,6.5,,,,,INDONESIA,,"INDONESIA:  NEW GUINEA:  IRIAN JAYA:  BIAK, SUPIORI",-0.891,136.952,170,54,2,,,423,3,4.2,2,5043,4,,,164,3,,,423,3,4.2,2,5043,4,,
5435,Tsu,1996,2,21,12,51,1.3,10,7.5,7.5,6.6,5.8,,,,4,PERU,,"PERU:  NORTHERN:  CHIMBOTE, CALLAO",-9.593,-79.587,160,,,,,,,,,,,,,12,1,,,57,2,,,15,1,22,1
6497,Tsu,1996,2,25,3,8,15.8,21,7.1,7.1,6.9,6.1,,,,,MEXICO,,MEXICO:  OFF COAST OF GUERRERO,15.978,-98.07,150,,,,,,,,,,,,,,,,,,,,,,,,
5440,Tsu,1996,6,10,4,3,35.4,33,7.9,7.9,7.6,6.6,,,,6,USA,AK,ALASKA:  ANDREANOF ISLANDS,51.564,-177.632,150,,,,,,,,,,,,,,,,,,,,,,,,
6498,Tsu,1996,6,10,15,24,56,24,7.3,7.3,7.1,5.9,,,,,USA,AK,ALASKA:  ANDREANOF ISLANDS,51.478,-176.847,150,,,,,,,,,,,,,,,,,,,,,,,,
6499,Tsu,1996,9,4,18,16,1.9,33,5.7,5.7,5.1,5.4,,,,,JAPAN,,"HONSHU ISLAND, JAPAN",31.555,139.931,30,,,,,,,,,,,,,,,,,,,,,,,,
6500,Tsu,1996,9,5,8,14,14.4,10,6.9,6.9,7,6.2,,,,,CHILE,,CHILE:  EASTER ISLAND REGION,-22.118,-113.436,160,,,,,,,,,,,,,,,,,,,,,,,,
10233,Tsu,1996,9,5,23,42,6,20,6.8,6.8,6.4,6.4,,,,,TAIWAN,,TAIWAN REGION,21.898,121.498,30,,,,,,,,,,,,,,,,,,,,,,,,
6332,Tsu,1996,10,18,10,50,20.8,10,6.6,6.6,6.6,6,,,,,JAPAN,,JAPAN:  KYUSHU ISLAND,30.568,131.093,30,,,,,,,,,,,,,,,,,,,,,,,,
6607,Tsu,1996,10,19,14,44,40.7,22,6.7,6.7,6.6,6.3,,,,,JAPAN,,JAPAN:  KYUSHU ISLAND,31.885,131.468,30,,,,,,,,1,,,,,,,,,,,,1,,,,
5442,Tsu,1996,11,12,16,59,44,33,7.7,7.7,7.3,6.5,,,,8,PERU,,"PERU:  CHINCHA ALTA, ACARI, NAZCA, MARCONA",-14.993,-75.675,160,14,1,,,560,3,,4,,,4000,4,14,1,,,560,3,,4,,,4000,4
6501,Tsu,1996,12,2,22,17,59.2,49,6.7,6.7,6.6,6,,,,,JAPAN,,JAPAN:  KYUSHU,31.789,131.314,30,,,,,,,,,,,,,,,,,,,,,,,,
5458,Tsu,1997,4,21,12,2,26.4,33,7.7,7.7,7.9,6.4,,,,,SOLOMON ISLANDS,,SOLOMON ISLANDS:  SANTA CRUZ ISLANDS; VANUATU,-12.584,166.676,170,,0,,,,,,1,,,,,,,,,,,,1,7,1,,
5467,Tsu,1997,7,9,19,24,13.1,20,7,7,6.8,6.2,,,,5,VENEZUELA,,VENEZUELA:  CARIACO-CUMANA,10.598,-63.486,90,81,2,,,522,3,81,4,,,,,81,2,,,522,3,81,4,,,,
7447,Tsu,1997,9,30,6,27,24.7,10,6.2,6.2,6.5,5.5,,,,,JAPAN,,JAPAN:  HONSHU:  S,31.959,141.878,30,,,,,,,,,,,,,,,,,,,,,,,,
6820,Tsu,1997,10,14,9,53,18.1,167,7.7,7.7,,6.7,,,,,TONGA,,TONGA ISLANDS,-22.101,-176.772,170,,,,,,,,,,,,,,,,,,,,,,,,
5480,Tsu,1997,12,5,11,26,54.6,33,7.8,7.8,7.6,6.3,,,,7,RUSSIA,,"RUSSIA:  KAMCHATKA:  UST-KAMCHATSK, PETROPAVLOVSK",54.841,162.035,50,,,,,,,,,,,,,,,,,,,,,,,,
5489,Tsu,1998,3,25,3,12,25,10,8.1,8.1,8,6.6,,,,,ANTARCTICA,,BALLENY ISLANDS,-62.877,149.527,20,,,,,,,,,,,,,,,,,,,,,,,,
6502,Tsu,1998,5,3,23,30,21.9,33,7.5,7.5,7.3,6.4,,,,,TAIWAN,,TAIWAN,22.306,125.308,30,,,,,,,,,,,,,,,,,,,,,,,,
5501,Tsu,1998,7,17,8,49,16.1,25,7,7,7.1,5.8,,,,,PAPUA NEW GUINEA,,PAPUA NEW GUINEA:  SISSANO,-2.943,142.582,170,,,,,,,,,,,,,2205,4,28,1,1000,3,,3,,,,
5510,Tsu,1998,11,29,14,10,31.9,33,7.7,7.7,7.7,6.5,,,,7,INDONESIA,,"INDONESIA:  MANGOLE, MANADO, TALIABU",-2.071,124.891,170,41,1,,,107,3,200,4,1000,3,,,41,1,,,107,3,200,4,1000,3,,
5527,Tsu,1999,8,17,0,1,39.1,13,7.6,7.6,7.8,6.3,,,,10,TURKEY,,"TURKEY:  ISTANBUL, KOCAELI, SAKARYA",40.76,29.97,140,17118,4,,,50000,4,20000,4,,,73342,4,17118,4,,,50000,4,20000,4,,,73342,4
5545,Tsu,1999,11,26,13,21,15.5,33,7.5,7.5,7.3,6.4,,,,,VANUATU,,VANUATU ISLANDS:  PENTECOST,-16.423,168.214,170,5,1,,,100,2,,2,,,,,10,1,,,100,2,,3,,3,,
7301,Tsu,2000,4,5,4,36,58.8,38,5.5,5.5,5.4,5.3,,,,,GREECE,,GREECE:  CRETE,34.22,25.69,130,,,,,,,,,,,,,,,,,,,,,,,,
5557,Tsu,2000,5,4,4,21,16.2,26,7.6,7.6,7.5,6.7,,,,,INDONESIA,,"INDONESIA:  SULAWESI:  LUWUK, BANGGAI, PELENG,",-1.105,123.573,170,46,1,,,264,3,30,4,10000,4,,,46,1,,,264,3,30,4,10000,4,,
5565,Tsu,2000,6,18,14,44,13.3,10,7.9,7.9,7.8,6.8,,,,,AUSTRALIA,,"AUSTRALIA:  S, COCOS ISLANDS",-13.802,97.453,60,,,,,,,,,,,,,,,,,,,,,,,,
5568,Tsu,2000,7,1,7,1,55.5,10,6.1,6.1,6.1,6,,,,,JAPAN,,JAPAN:  NEAR S COAST HONSHU:  KOZU-SHIMA,34.221,139.131,30,1,1,,,,3,,1,,,,,1,1,,,,3,,1,,,,
5571,Tsu,2000,7,15,1,30,30.5,10,6.1,6.1,5.9,5.5,,,,,JAPAN,,JAPAN:  NEAR S COAST HONSHU:  NII-JIMA,34.319,139.26,30,,,,,10,1,,1,,,20,1,,,,,10,1,,1,,,20,1
7803,Tsu,2000,7,30,12,25,45.5,10,6.5,6.5,6.5,6,,,,,JAPAN,,JAPAN:  HONSHU:  S,33.901,139.376,30,,,,,1,1,,1,,,,,,,,,1,1,,1,,,,
5581,Tsu,2000,11,16,4,54,56.7,33,8,8,8.2,6,,,,,PAPUA NEW GUINEA,,"PAPUA NEW GUINEA:  NEW IRELAND, DUKE OF YORK",-3.98,152.169,170,2,1,,,,,,2,,3,,,2,1,,,,,,2,,3,,
5587,Tsu,2001,1,13,17,33,32.3,60,7.7,7.7,7.8,6.4,,,,8,EL SALVADOR,,EL SALVADOR:  DAMAGE & INJURIES IN EVERY DEPT.,13.049,-88.66,100,844,3,,,4723,4,753,4,108226,4,169632,4,844,3,,,4723,4,753,4,108226,4,169632,4
5601,Tsu,2001,6,23,20,33,14.1,33,8.4,8.4,8.2,6.7,,,,8,PERU,,"PERU:  AREQUIPA, MOQUEGUA, TACNA, AYACUCHO",-16.265,-73.641,160,77,2,68,2,2713,4,,4,22399,4,,,103,3,138,3,2713,4,200,4,25399,4,,
10203,Tsu,2001,10,12,5,2,34,20,6.1,6.1,5.8,5.6,,,,,CANADA,BC,CANADA:  QUEEN CHARLOTTE ISLANDS,52.63,-132.2,150,,,,,,,,,,,,,,,,,,,,,,,,
6613,Tsu,2001,12,18,4,2,58.2,14,6.8,6.8,7.3,6.3,,,,,TAIWAN,,TAIWAN,23.954,122.734,30,,,,,,,,,,,,,,,,,,,,,,,,
5614,Tsu,2002,1,2,17,22,48.7,21,7.2,7.2,7.5,6.3,,,,,VANUATU,,"VANUATU ISLANDS:  EFATE, PORT VILA",-17.6,167.856,170,,,,,,2,,1,,,,2,,,,,,2,,1,,,,2
5625,Tsu,2002,3,5,21,16,9.1,31,7.5,7.5,7.2,6.3,,,,,PHILIPPINES,,PHILIPPINES:  MINDANAO,6.033,124.249,170,15,1,,,100,2,1.714,2,,,800,3,15,1,,,100,2,1.714,2,,,800,3
6821,Tsu,2002,3,26,3,45,48.7,33,6.4,6.4,6.6,5.8,,,,,JAPAN,,JAPAN:  RYUKYU ISLANDS,23.346,124.09,30,,,,,,,,,,,,,,,,,,,,,,,,
5627,Tsu,2002,3,31,6,52,50.4,33,7.1,7.1,7.4,6.4,,,,,TAIWAN,,TAIWAN:  TAIPEI,24.279,122.179,30,5,1,,,200,3,,2,100,2,,,5,1,,,200,3,,2,100,2,,
5649,Tsu,2002,9,8,18,44,23.7,13,7.6,7.6,7.8,6.5,,,,,PAPUA NEW GUINEA,,"PAPUA NEW GUINEA:  KAIRIRU IS, MUSCHU IS, WEWAK",-3.302,142.945,170,4,1,,,70,2,,3,,,,,4,1,,,70,2,,3,,,,
5650,Tsu,2002,9,13,22,28,29.4,21,6.5,6.5,6.7,6.2,,,,,INDIA,,"INDIA:  ANDAMAN ISLANDS:  RONGAT, DIGLIPUR,ARIEL BAY",13.036,93.068,60,2,1,,,,,,1,40,1,,1,2,1,,,,,,2,40,1,,1
5656,Tsu,2002,10,10,10,50,20.5,10,7.6,7.6,7.7,6.5,,,,,INDONESIA,,"INDONESIA: NEW GUINEA: MANOKWARI, ORANSBARI, RANSIKI",-1.757,134.297,170,8,1,,,632,3,,3,1000,3,900,3,8,1,,,632,3,,3,1000,3,900,3
5672,Tsu,2003,1,20,8,43,6,33,7.3,7.3,7.8,6.7,,,,,SOLOMON ISLANDS,,"SOLOMON ISLANDS:  HONIARA, SAN CRISTOBAL",-10.491,160.77,170,,,,,,,,,,,,,,,,,,,,,,,,
5673,Tsu,2003,1,22,2,6,34.6,24,7.5,7.5,7.6,6.5,,,,8,MEXICO,,"MEXICO:  VILLA DE ALVAREZ, COLIMA, TECOMAN, JALISCO",18.77,-104.104,150,29,1,,,300,3,,3,2005,4,6615,4,29,1,,,300,3,,3,2005,4,6615,4
5694,Tsu,2003,5,21,18,44,20.1,12,6.8,6.8,6.9,6.5,,,,10,ALGERIA,,"ALGERIA:  ALGIERS, BOUMERDES, REGHIA, THENIA",36.964,3.634,15,2266,4,,,10261,4,5000,4,43000,4,43000,4,2266,4,,,10261,4,5000,4,43000,4,,
5697,Tsu,2003,5,27,17,11,28.8,8,5.7,5.7,5.5,5.5,,,,,ALGERIA,,"ALGERIA:  ALGIERS, BOUMERDES, REGHAIA",36.939,3.578,15,9,1,,,200,3,,2,,3,,,9,1,,,200,3,,2,,3,,
5719,Tsu,2003,8,21,12,12,49.7,28,7.2,7.2,7.5,6.6,7.1,,,,NEW ZEALAND,,"NEW ZEALAND:  DUNEDIN,INVERCARGILL,TE ANAU,FIORDLAND",-45.104,167.144,170,,,,,,,,1,,,,,,,,,,,,1,,,,
5724,Tsu,2003,9,25,19,50,6.3,27,8.3,8.3,8.1,6.9,,,,,JAPAN,,JAPAN:  HOKKAIDO,41.815,143.91,30,,,,,755,3,90,4,,,,,,,,,755,3,90,4,,,,
6610,Tsu,2003,10,31,1,6,28.2,10,7,7,6.8,6.1,,,,,JAPAN,,JAPAN:  EAST COAST HONSHU,37.812,142.619,30,,,,,,,,,,,,,,,,,,,,,,,,
5735,Tsu,2003,11,17,6,43,6.8,33,7.8,7.8,7.2,6.2,,,,,USA,AK,ALASKA:  ALEUTIAN ISLANDS:  RAT ISLANDS,51.146,178.65,150,,,,,,,,,,,,,,,,,,,,,,,,
7404,Tsu,2003,12,27,4,55,25.4,10,6.1,6.1,5.9,5.9,,,,,NEW CALEDONIA,,NEW CALEDONIA:  LOYALTY ISLANDS,-22.107,169.35,170,,,,,,,,,,,,,,,,,,,,,,,,
6611,Tsu,2004,1,28,22,15,30.7,17,6.7,6.7,6.5,6,,,,,INDONESIA,,INDONESIA:  SERAM,-3.12,127.4,170,,,,,,,,,,,,,,,,,,,,,,,,
5760,Tsu,2004,2,11,8,15,3.8,27,5.3,5.3,4.8,5.1,,,,,JORDAN,,"JORDAN:  MA'IN; ISRAEL:  JERUSALEM, PETAH-TIQWA",31.675,35.551,140,,,,,4,1,,2,,,,2,,,,,4,1,,2,,,,2
5798,Tsu,2004,9,5,10,7,7.8,14,7.2,7.2,7,6.7,,,,,JAPAN,,JAPAN:  HONSHU:  W COAST: KYOTO,33.07,136.618,30,,,,,4,1,,1,,,,,,,,,4,1,,1,,,,
5799,Tsu,2004,9,5,14,57,18.6,10,7.4,7.4,7.1,6.2,,,,,JAPAN,,"JAPAN:  HONSHU:  W COAST: KYOTO, WAKAYAMA, SAKAI",33.184,137.071,30,,,,,40,1,,1,,,,,,,,,40,1,,1,,,,
7403,Tsu,2004,11,2,10,2,12.8,10,6.6,6.6,6.4,5.8,,,,,CANADA,BC,CANADA:  VANCOUVER ISLAND,49.277,-128.772,150,,,,,,,,,,,,,,,,,,,,,,,,
5810,Tsu,2004,11,11,21,26,41.1,10,7.5,7.5,7.3,6.5,,,,,INDONESIA,,INDONESIA:  KEPULAUAN ALOR,-8.152,124.868,170,34,1,,,400,3,,3,781,3,16712,4,34,1,,,400,3,,3,781,3,16712,4
5813,Tsu,2004,11,21,11,41,7.7,14,6.3,6.3,6.1,6.3,,,,,GUADELOUPE,,"GUADELOUPE:  BASSE-TERRE, LES SAINTES",15.679,-61.706,90,1,1,,,12,1,,2,,3,,,1,1,,,12,1,,2,,3,,
5815,Tsu,2004,11,22,20,26,23.9,10,7.1,7.1,7.1,6.4,,,,,NEW ZEALAND,,"NEW ZEALAND:  INVERCARGILL, SOUTHLAND, OTAGO",-46.676,164.721,170,,,,,,,,1,,,,,,,,,,,,1,,,,
5818,Tsu,2004,11,28,18,32,14.1,39,7,7,6.7,6.4,,,,,JAPAN,,"JAPAN:  HOKKAIDO:  BEKKAI, KUSHIRO, NEMOURO",43.006,145.119,30,,,,,24,1,,1,,,,1,,,,,24,1,,1,,,,1
5835,Tsu,2004,12,23,14,59,4.4,10,8.1,8.1,7.7,6.5,,,,,AUSTRALIA,TAS,AUSTRALIA:  MACQUARIE ISLAND,-49.312,161.345,170,,,,,,,,,,,,,,,,,,,,,,,,
5823,Tsu,2004,12,26,0,58,53.4,30,9.1,9.1,8.8,7,,,,,INDONESIA,,INDONESIA:  SUMATRA:  ACEH:  OFF WEST COAST,3.316,95.854,170,1001,4,,,,3,10000,4,,3,,3,227899,4,,,,3,10000,4,,3,,
6640,Tsu,2005,1,19,6,11,36.4,28,6.6,6.6,6.4,5.8,,,,,JAPAN,,JAPAN:  EAST COAST HONSHU,34.064,141.491,30,,,,,,,,,,,,,,,,,,,,,,,,
9112,Tsu,2005,2,14,18,5,59.3,12,5.8,5.8,5.5,5.6,,,,,GUADELOUPE,,GUADELOUPE,15.775,-61.744,90,,,,,,,,,,,,,,,,,,,,,,,,
6657,Tsu,2005,3,28,16,9,36.5,30,8.6,8.6,8.4,7.2,,,,,INDONESIA,,INDONESIA:  SUMATERA:  SW,2.085,97.108,170,1303,4,,,340,3,,4,300,3,300,3,1313,4,,,340,3,,4,300,3,,
6659,Tsu,2005,4,10,10,29,11.2,19,6.7,6.7,6.7,6.4,,,,5,INDONESIA,,INDONESIA:  PADANG,-1.644,99.607,60,,,,,,,,,,,,,,,,,,,,,,,,
6738,Tsu,2005,6,15,2,50,53.1,10,7.2,7.2,7.1,6.2,,,,4,USA,CA,CALIFORNIA:  OFF COAST NORTHERN,41.301,-125.97,150,,,,,,,,,,,,,,,,,,,,,,,,
6739,Tsu,2005,8,16,2,46,28.4,36,7.2,7.2,6.8,6.5,,,,,JAPAN,,JAPAN:  EAST COAST HONSHU,38.276,142.039,30,,,,,56,2,,1,1,1,,,,,,,56,2,,1,1,1,,
6827,Tsu,2005,11,14,21,38,51.4,11,7,7,6.8,6.7,,,,,JAPAN,,JAPAN:  EAST COAST HONSHU,38.107,144.896,30,,,,,,,,,,,,,,,,,,,,,,,,
7230,Tsu,2006,3,14,6,57,33.8,30,6.7,6.7,6.7,6.4,,,,,INDONESIA,,INDONESIA:  SERAM,-3.595,127.214,170,,,,,,,,2,241,3,,,4,1,,,,,,2,241,3,,
7078,Tsu,2006,5,3,15,26,40.2,55,7.9,7.9,7.8,7.2,,,,7,TONGA,,TONGA ISLANDS,-20.187,-174.123,170,,,,,1,1,,1,,,,,,,,,1,1,,1,,,,
7181,Tsu,2006,7,17,8,19,25,34,7.7,7.7,7.2,6.1,,,,,INDONESIA,,INDONESIA:  JAVA,-9.254,107.411,170,,,,,,,,,,,,,802,3,,,498,3,55,4,1623,4,,
7369,Tsu,2006,9,28,6,22,9.7,28,6.9,6.9,6.6,6.5,,,,4,SAMOA,,SAMOA ISLANDS,-16.592,-172.033,170,,,,,,,,,,,,,,,,,,,,,,,,
7368,Tsu,2006,10,15,17,7,49.2,39,6.7,6.7,6.6,6.2,,,,8,USA,HI,HAWAIIAN ISLANDS,19.878,-155.935,150,,,,,,3,73,4,,,,,,,,,,3,73,4,,,,
7406,Tsu,2006,11,15,11,14,13.5,10,8.3,8.3,7.8,6.5,,,,,RUSSIA,,RUSSIA:  KURIL ISLANDS,46.592,153.266,50,,,,,,,,,,,,,,,,,1,1,,2,,,,
7413,Tsu,2006,12,26,12,26,21.1,10,7,7,7.3,6.4,,,,,TAIWAN,,TAIWAN:  PINGTUNG,21.799,120.547,30,2,1,,,40,1,,1,,2,,,2,1,,,40,1,,1,,2,,
7415,Tsu,2007,1,13,4,23,21.1,10,8.1,8.1,8.2,7.3,,,,,RUSSIA,,RUSSIA:  KURIL ISLANDS,46.243,154.524,50,,,,,,,,,,,,,,,,,,,,,,,,
7459,Tsu,2007,3,25,0,40,1.6,34,7.1,7.1,7,6.5,,,,,VANUATU,,VANUATU ISLANDS,-20.617,169.357,170,,,,,,,,,,,,,,,,,,,,,,,,
7448,Tsu,2007,3,25,0,41,57.8,8,6.7,6.7,6.8,6.1,,,,,JAPAN,,JAPAN:  HONSHU:  W COAST,37.336,136.588,30,1,1,,,150,3,,3,58,2,455,3,1,1,,,150,3,,3,58,2,455,3
7457,Tsu,2007,4,1,20,39,56.3,24,8.1,8.1,7.9,6.8,,,,,SOLOMON ISLANDS,,SOLOMON ISLANDS,-8.466,157.043,170,54,2,,,,,,3,300,3,500,3,54,2,,,,,,3,2500,4,500,3
7465,Tsu,2007,4,21,17,53,46.3,37,6.2,6.2,6.3,6.1,,,,,CHILE,,CHILE:  SOUTHERN,-45.243,-72.648,160,,,,,,,,1,,,2,1,10,1,,,,,,1,,,2,1
7521,Tsu,2007,7,16,1,13,22,10,6.6,6.6,,,,,,,JAPAN,,JAPAN:  HONSHU:  W COAST,37.57,138.478,30,9,1,,,1088,4,12500,4,,,875,3,9,1,,,1088,4,12500,4,,,875,3
7531,Tsu,2007,8,2,2,37,42.3,5,6.2,6.2,6.2,5.3,,,,,RUSSIA,,RUSSIA:  TATAR STRAIT,47.116,141.798,50,2,1,,,12,1,,1,11,1,20,1,2,1,,,12,1,,1,11,2,20,1
7532,Tsu,2007,8,2,3,21,42.8,21,6.7,6.7,6.6,6.3,,,,,USA,AK,ALASKA:  ALEUTIAN ISLANDS,51.307,-179.971,150,,,,,,,,,,,,,,,,,,,,,,,,
7537,Tsu,2007,8,15,23,40,57.8,39,8,8,7.9,6.7,,,,8,PERU,,"PERU:  ICA, PISCO, LIMA",-13.386,-76.603,160,514,3,,,1090,4,,4,39700,4,,,514,3,,,1090,4,,4,39700,4,,
8136,Tsu,2007,9,2,1,5,18.1,35,7.2,7.2,7.3,5.9,,,,,SOLOMON ISLANDS,,SOLOMON ISLANDS:  SANTA CRUZ ISLANDS,-11.61,165.762,170,,,,,,,,,,,,,,,,,,,,,,,,
7574,Tsu,2007,9,12,11,10,26.8,34,8.4,8.4,8.5,6.9,,,,,INDONESIA,,INDONESIA:  SUMATRA,-4.438,101.367,60,25,1,,,161,3,,3,56425,4,56425,4,25,1,,,161,3,,3,56425,4,,
7594,Tsu,2007,9,30,5,23,34,10,7.4,7.4,,,,,,,NEW ZEALAND,,NEW ZEALAND:  AUCKLAND ISLANDS,-49.418,163.954,170,,,,,,,,,,,,,,,,,,,,,,,,
7634,Tsu,2007,11,14,15,40,50.5,40,7.7,7.7,7.4,6.7,,,,8,CHILE,,"CHILE:  TOCOPILLA, MARIA ELENA",-22.247,-69.89,160,2,1,,,65,2,,3,,4,,,2,1,,,65,2,,3,,4,,
7675,Tsu,2007,11,29,19,0,20.4,156,7.4,7.4,,6.9,,,,,MARTINIQUE,,MARTINIQUE,14.944,-61.274,90,1,1,,,102,3,,1,,,,,1,1,,,102,3,,1,,,,
7694,Tsu,2007,12,9,7,28,20.8,153,7.8,7.8,,7,,,,,KERMADEC ISLANDS (NEW ZEALAND),,KERMADEC ISLANDS,-25.996,-177.514,170,,,,,,,,,,,,,,,,,,,,,,,,
7743,Tsu,2008,2,25,8,36,33,25,6.5,6.5,6.6,6.4,,,,,INDONESIA,,INDONESIA:  SUMATRA:  PADANG,-2.486,99.972,60,,,,,,,,1,,,,2,,,,,,,,1,,,,2
7800,Tsu,2008,4,9,12,46,12.7,33,7.3,7.3,7.3,6.3,,,,,NEW CALEDONIA,,NEW CALEDONIA: LOYALTY ISLANDS,-20.071,168.892,170,,,,,,,,,,,,,,,,,,,,,,,,
8138,Tsu,2008,4,28,18,33,34.2,32,6.4,6.4,6.2,6.2,,,,,VANUATU,,VANUATU ISLANDS,-19.941,168.953,170,,,,,,,,,,,,,,,,,,,,,,,,
7843,Tsu,2008,5,12,6,28,1.5,19,7.9,7.9,8.1,6.9,,,,9,CHINA,,CHINA:  SICHUAN PROVINCE,31.002,103.322,30,87652,4,,,374171,4,86000,4,5360000,4,5360000,4,87652,4,,,374171,4,86000,4,5360000,4,21000000,4
7971,Tsu,2008,7,19,2,39,28.7,22,6.9,6.9,7,6.2,,,,,JAPAN,,JAPAN:  OFF EAST COAST OF HONSHU ISLAND,37.552,142.214,30,,,,,,,,,,,,,,,,,,,,,,,,
10114,Tsu,2008,8,26,8,7,8.5,10,5,,,5,,,,,ATLANTIC OCEAN,,ATLANTIC OCEAN:  SOUTH,-52.533,26.417,70,,,,,,,,,,,,,,,,,,,,,,,,
8134,Tsu,2008,9,11,0,20,50.9,25,6.8,6.8,7,6.1,,,,,JAPAN,,JAPAN:  HOKKAIDO,41.892,143.754,30,,,,,,,,,,,,,,,,,,,,,,,,
8191,Tsu,2008,11,16,17,2,32.7,30,7.3,7.3,7,6.5,,,,,INDONESIA,,INDONESIA:  MINAHASSA PENINSULA,1.271,122.091,170,6,1,,,77,2,,3,,,1000,3,6,1,,,77,2,,3,,,1000,3
8204,Tsu,2009,1,3,19,43,50.6,17,7.6,7.6,7.5,6.6,,,,,INDONESIA,,PAPUA NEW GUINEA:  NEAR NORTH COAST,-0.414,132.885,170,5,1,,,250,3,,3,,,840,3,5,1,,,250,3,,3,,,840,3
8211,Tsu,2009,1,3,22,33,40.2,23,7.3,7.3,7.4,6.7,,,,,INDONESIA,,PAPUA NEW GUINEA:  NEAR NORTH COAST,-0.691,133.305,170,,,,,,,,,,,,,,,,,,,,,,,,
8250,Tsu,2009,1,15,17,49,39,36,7.4,7.4,7.5,6.9,,,,,RUSSIA,,RUSSIA:  KURIL ISLANDS,46.857,155.154,50,,,,,,,,,,,,,,,,,,,,,,,,
8251,Tsu,2009,2,11,17,34,50.8,22,7.2,7.2,7.2,6.6,,,,,INDONESIA,,INDONESIA:  KEPULAUAN TALAUD,3.884,126.397,170,,,,,64,2,,2,,,597,3,,,,,64,2,,2,,,597,3
8259,Tsu,2009,3,19,18,17,40.9,34,7.6,7.6,7.6,7,,,,,TONGA,,TONGA ISLANDS,-23.046,-174.659,170,,,,,,,,,,,,,,,,,,,,,,,,
8297,Tsu,2009,5,28,8,24,45,10,7.3,7.3,7.2,6.7,,,,,HONDURAS,,HONDURAS:  NORTHERN; BELIZE,16.72,-86.236,90,7,1,,,40,1,,2,135,3,25,1,7,1,,,40,1,,2,135,3,25,1
8357,Tsu,2009,7,15,9,22,29,12,7.8,7.8,7.7,6.5,7.3,,,,NEW ZEALAND,,NEW ZEALAND:  OFF WEST COAST OF SOUTH ISLAND,-45.762,166.562,170,,,,,,,,1,,,,,,,,,,,,1,,,,
8378,Tsu,2009,8,10,19,55,35.6,5,7.5,7.5,7.6,6.9,,,,,INDIA,,INDIA:  ANDAMAN I,14.099,92.888,60,,,,,,,,,,,,,,,,,,,,,,,,
8377,Tsu,2009,8,10,20,7,9.1,40,6.4,6.4,,6.1,,,,,JAPAN,,JAPAN:  HONSHU:  S COAST,34.743,138.264,30,1,1,,,123,3,,3,,,5192,4,1,1,,,123,3,,3,,,5192,4
8472,Tsu,2009,8,16,7,38,21.7,20,6.7,6.7,6.7,6.5,,,,,INDONESIA,,INDONESIA:  SUMATRA:  PADANG,-1.479,99.49,60,,,,,9,1,,,,,,,,,,,9,1,,,,,,
8408,Tsu,2009,9,29,17,48,10.9,18,8.1,8.1,8.1,7.1,,,,,SAMOA,,SAMOA ISLANDS,-15.489,-172.095,170,,,,,,,,,,,,,192,3,,,7,1,285,4,,,,
8409,Tsu,2009,9,30,10,16,9.2,81,7.5,7.5,,7.1,,,,,INDONESIA,,INDONESIA:  SUMATRA:  PADANG,-0.72,99.867,60,1117,4,,,1214,4,2200,4,,3,181665,4,1117,4,,,1214,4,2200,4,,3,181665,4
8410,Tsu,2009,10,7,22,3,14.4,45,7.6,7.6,7.3,6.4,,,,,VANUATU,,VANUATU ISLANDS,-13.006,166.51,170,,,,,,,,,,,,,,,,,,,,,,,,
8672,Tsu,2010,1,3,21,48,5.3,26,6.6,6.6,6.4,6,,,,,SOLOMON ISLANDS,,SOLOMON ISLANDS,-8.743,157.477,170,,,,,,,,,,,,,,,,,,,,,,,,
8673,Tsu,2010,1,3,22,36,27.9,25,7.1,7.1,7.1,6.4,,,,,SOLOMON ISLANDS,,SOLOMON ISLANDS,-8.799,157.346,170,,,,,,,,1,16,1,60,2,,,,,,,,1,16,1,60,2
8692,Tsu,2010,1,5,12,15,32.2,15,6.8,6.8,6.7,6.2,,,,,SOLOMON ISLANDS,,SOLOMON ISLANDS,-9.019,157.551,170,,,,,,,,,,,,,,,,,,,,,,,,
8732,Tsu,2010,1,12,21,53,10,13,7,7,7.3,6.8,,,,,HAITI,,HAITI:  PORT-AU-PRINCE,18.457,-72.533,90,316000,4,,,30000,4,8000,4,97294,4,188383,4,316000,4,,,300000,4,8000,4,97294,4,188383,4
9032,Tsu,2010,2,26,20,31,26.9,25,7,7,7,6,,,,,JAPAN,,"JAPAN:  TORI SHIMA, OKINAWA",25.93,128.425,30,,,,,2,1,,1,,,,,,,,,2,1,,1,,,,
8872,Tsu,2010,2,27,6,34,11.5,23,8.8,8.8,8.5,7.2,,,,9,CHILE,,"CHILE:  MAULE, CONCEPCION, TALCAHUANO",-36.122,-72.898,160,402,3,,,12000,4,30000,4,,,500000,4,558,3,,,12000,4,30000,4,,,500000,4
8912,Tsu,2010,3,11,14,39,43.9,11,6.9,6.9,7,6.7,,,,,CHILE,,CHILE:  RANCAGUA,-34.29,-71.891,160,,,,,,,,1,,,,,,,,,,,,1,,,,
8973,Tsu,2010,4,6,22,15,1.5,31,7.8,7.8,7.9,7,,,,,INDONESIA,,INDONESIA:  SUMATRA,2.383,97.048,60,,,,,,,,,,,,,,,,,,,,,,,,
9172,Tsu,2010,5,29,11,46,50.3,10,4.4,,,4.4,,,,,USA TERRITORY,MP,"ANATAHAN REGION, N. MARIANA ISLANDS",16.591,145.682,170,,,,,,,,,,,,,,,,,,,,,,,,
9252,Tsu,2010,6,12,19,26,50.4,35,7.5,7.5,7.5,7,,,,6,INDIA,,INDIA:  LITTLE NICOBAR ISLAND,7.881,91.936,60,,,,,,,,,,,,,,,,,,,,,,,,
9452,Tsu,2010,8,10,5,23,44.9,25,7.2,7.2,7.3,6.4,,,,7,VANUATU,,VANUATU ISLANDS,-17.541,168.069,170,,,,,,,,,,,,,,,,,,,,,,,,
9612,Tsu,2010,8,13,21,19,33,10,6.9,6.9,6.9,6.5,,,,,USA TERRITORY,GU,"GUAM, NORTHERN MARIANA ISLANDS",12.484,141.476,170,,,,,,,,,,,,,,,,,,,,,,,,
9592,Tsu,2010,10,25,14,42,22,20,7.8,7.8,7.3,6.5,,,,,INDONESIA,,INDONESIA:  SUMATRA,-3.487,100.082,60,,,,,,,,,,,,,431,3,,,,,39,4,700,3,,
9759,Tsu,2010,12,21,17,19,40.6,14,7.4,7.4,7.5,7,,,,,JAPAN,,JAPAN:  BONIN ISLANDS,26.901,143.698,30,,,,,,,,,,,,,,,,,,,,,,,,
9761,Tsu,2010,12,25,13,16,37,16,7.3,7.3,7.4,6.8,,,,,VANUATU,,VANUATU ISLANDS,-19.702,167.947,170,,,,,,,,,,,,,,,,,,,,,,,,
9811,Tsu,2011,1,9,10,3,44.2,24,6.5,6.5,6.4,6.1,,,,,VANUATU,,VANUATU ISLANDS,-19.157,168.311,170,,,,,,,,,,,,,,,,,,,,,,,,
9776,Tsu,2011,2,11,20,5,30.7,28,6.8,6.8,,6,,,,,CHILE,,CHILE:  OFF COAST CENTRAL,-36.474,-73.125,160,,,,,,,,,,,,,,,,,,,,,,,,
9797,Tsu,2011,3,9,2,45,20.3,32,7.5,7.5,7.3,6.4,,,,,JAPAN,,JAPAN:  HONSHU:  E COAST,38.435,142.842,30,,,,,,,,,,,,,,,,,,,,,,,,
9799,Tsu,2011,3,11,5,46,24.1,30,9.1,9.1,8.3,7.2,,,,,JAPAN,,JAPAN:  HONSHU,38.297,142.372,30,1476,4,,,6152,4,220000,4,127511,4,273796,4,18453,4,,,6152,4,220085.456,4,127511,4,273796,4
9804,Tsu,2011,4,7,14,32,43.2,42,7.1,7.1,7,6.9,,,,,JAPAN,,JAPAN: NEAR E COAST HONSHU,38.276,141.588,30,3,1,,,132,3,,1,,,,,3,1,,,132,3,,1,,,,
9824,Tsu,2011,6,24,3,9,39.4,52,7.3,7.3,,6.9,6.7,,,,USA,,ALASKA: ALEUTIAN ISLANDS: FOX ISLANDS,52.05,-171.836,150,,,,,,,,,,,,,,,,,,,,,,,,
9822,Tsu,2011,7,6,19,3,18.2,17,7.6,7.6,7.8,7,,,,,KERMADEC ISLANDS (NEW ZEALAND),,NEW ZEALAND: KERMADEC ISLANDS,-29.539,-176.34,170,,,,,,,,,,,,,,,,,,,,,,,,
9823,Tsu,2011,7,10,0,57,10.8,23,7,7,7,6.6,,,,,JAPAN,,JAPAN:  HONSHU:  E COAST,38.034,143.264,30,,,,,,,,,,,,,,,,,,,,,,,,
9838,Tsu,2011,8,20,16,55,2.8,32,7.1,7.1,7.1,6.2,,,,,VANUATU,,VANUATU ISLANDS,-18.365,168.143,170,,,,,,,,,,,,,,,,,,,,,,,,
9837,Tsu,2011,8,20,18,19,23.5,28,7,7,7.1,6.4,,,,,VANUATU,,VANUATU ISLANDS,-18.311,168.218,170,,,,,,,,,,,,,,,,,,,,,,,,
9839,Tsu,2011,9,2,10,55,53.5,32,6.8,6.8,6.9,6.5,,,,,USA,AK,ALASKA:  ALEUTIAN ISLANDS:  FOX ISLANDS,52.171,-171.708,150,,,,,,,,,,,,,,,,,,,,,,,,
9846,Tsu,2011,10,21,17,57,16.1,33,7.4,7.4,7.5,6.4,,,,,KERMADEC ISLANDS (NEW ZEALAND),,KERMADEC ISLANDS,-28.993,-176.238,170,,,,,,,,,,,,,,,,,,,,,,,,
9871,Tsu,2012,2,2,13,34,40.6,23,7,7,6.9,6.5,,,,,VANUATU,,VANUATU ISLANDS,-17.827,167.133,170,,,,,,,,,,,,,,,,,,,,,,,,
9878,Tsu,2012,3,14,9,8,35.1,12,6.9,6.9,6.9,6.7,,,,,JAPAN,,JAPAN:  HOKKAIDO,40.887,144.944,30,,,,,,,,,,,,,,,,,,,,,,,,
9876,Tsu,2012,3,20,18,2,47.4,20,7.4,7.4,7.6,6.6,,,,8,MEXICO,,"MEXICO:  GUERRERO, OAXACA",16.493,-98.231,150,2,1,,,13,1,,3,800,3,,,2,1,,,13,1,,3,800,3,,
9879,Tsu,2012,4,11,8,38,36.7,20,8.6,8.6,8.5,7.4,,,,,INDONESIA,,INDONESIA:  N SUMATRA:  OFF WEST COAST,2.327,93.063,60,10,1,,,12,1,,1,,,,2,10,1,,,12,1,,1,,,,2
9880,Tsu,2012,4,11,10,43,10.8,25,8.2,8.2,,7.2,,,,,INDONESIA,,INDONESIA:  N SUMATRA:  OFF WEST COAST,0.802,92.463,60,,,,,,,,,,,,,,,,,,,,,,,,
9885,Tsu,2012,4,14,22,5,26.4,11,6.3,6.3,6.2,6,,,,,VANUATU,,VANUATU ISLANDS,-18.972,168.741,170,,,,,,,,,,,,,,,,,,,,,,,,
9934,Tsu,2012,8,27,4,37,19.4,28,7.3,7.3,,,,,,,NICARAGUA,,NICARAGUA:  OFF THE COAST,12.139,-88.59,100,,,,,,,,,,,,,,,,,,,,,,,,
9935,Tsu,2012,8,31,12,47,33.3,28,7.6,7.6,7.6,7.2,,,,,PHILIPPINES,,"PHILIPPINES:  CAGAYAN DE ORO, TACLOBAN",10.811,126.638,170,1,1,,,1,1,0.3,1,,1,,,1,1,,,1,1,0.3,1,,1,,
9936,Tsu,2012,9,5,14,42,7.8,35,7.6,7.6,7.7,6.8,,,,,COSTA RICA,,COSTA RICA:  NICOYA,10.085,-85.315,100,2,1,,,20,1,,1,,2,,,2,1,,,20,1,,1,,2,,
9941,Tsu,2012,10,28,3,4,8.9,14,7.7,7.7,7.5,6.5,,,,,CANADA,,CANADA:  QUEEN CHARLOTTE ISLANDS,52.788,-132.101,150,,,,,,,,1,,,,1,1,1,,,,,,1,,,,1
9942,Tsu,2012,11,7,16,35,46.9,24,7.3,7.3,7.4,6.6,,,,,GUATEMALA,,"GUATEMALA:  SAN MARCOS, SAN CRISTOBAL COCHU",13.988,-91.895,100,48,2,,,155,3,,3,2769,4,7561,4,48,2,,,155,3,,3,2769,4,7561,4
9946,Tsu,2012,12,7,8,18,23.1,31,7.2,7.2,7.3,7.2,,,,,JAPAN,,JAPAN:  HONSHU:  MIYAGI PREFECTURE,37.89,143.949,30,,,,,11,1,,,,,,,,,,,11,1,,,,,,
9953,Tsu,2013,1,5,8,58,19.3,10,7.5,7.5,7.7,6.4,,,,,USA,AK,ALASKA:  SOUTHEASTERN,55.393,-134.652,150,,,,,,,,,,,,,,,,,,,,1,,,,
9958,Tsu,2013,2,6,1,12,25.8,24,7.9,7.9,7.4,6.4,,,,8,SOLOMON ISLANDS,,SOLOMON ISLANDS:  SANTA CRUZ ISLANDS,-10.799,165.114,170,,,,,,,,,,,,,10,1,,,15,1,,2,588,3,478,3
9963,Tsu,2013,2,8,15,26,38.4,21,7,7,6.9,6.4,,,,,SOLOMON ISLANDS,,SOLOMON ISLANDS:  SANTA CRUZ ISLANDS,-10.928,166.018,170,,,,,,,,,,,,,,,,,,,,,,,,
9977,Tsu,2013,4,19,3,5,52.6,110,7.2,7.2,,7.1,,,,,RUSSIA,,RUSSIA:  KURIL ISLANDS,46.221,150.788,50,,,,,,,,,,,,,,,,,,,,,,,,
10021,Tsu,2013,7,21,5,9,31.4,17,6.5,6.5,6.7,6.1,,,,,NEW ZEALAND,,NEW ZEALAND:  COOK STRAIT,-41.704,174.337,170,,,,,5,1,,1,,,35,1,,,,,5,1,,1,,,35,1
10039,Tsu,2013,9,24,11,29,47,15,7.7,7.7,,,,,,,PAKISTAN,,"PAKISTAN:  AWARAN, KECH",26.971,65.52,60,386,3,,,816,3,,4,32638,4,14118,4,386,3,,,816,3,,4,32638,4,14118,4
10052,Tsu,2013,10,25,17,10,18,26,7.1,7.1,,,,,,,JAPAN,,JAPAN:  HONSHU:  E COAST,37.149,144.679,30,,,,,1,1,,,,,,,,,,,1,1,,,,,,
10075,Tsu,2014,3,16,21,16,30,20,6.7,6.7,,,,,,,CHILE,,CHILE:  IQUIQUE,-19.925,-70.628,160,,,,,,,,1,,,,,,,,,,,,1,,,,
10079,Tsu,2014,4,1,23,46,46,20,8.2,8.2,,,,,,,CHILE,,"CHILE:  NORTHERN:  IQUIQUE, ALTO HOSPICIO",-19.642,-70.817,160,7,1,,,,,,3,,,2500,4,7,1,,,,,,3,,,2500,4
10080,Tsu,2014,4,3,2,43,17,40,7.6,7.6,,,,,,,CHILE,,CHILE:  NORTHERN:  IQUIQUE,-20.4,-70.135,160,,,,,,,,,,,,,,,,,,,,,,,,
10084,Tsu,2014,4,12,20,14,39,29,7.6,7.6,,,,,,,SOLOMON ISLANDS,,SOLOMON ISLANDS,-11.315,162.211,170,,,,,,,,,,,,,,,,,,,,,,,,
10085,Tsu,2014,4,13,12,36,18,35,7.4,7.4,,,,,,,SOLOMON ISLANDS,,SOLOMON ISLANDS,-11.451,162.069,170,,,,,,,,,,,,,,,,,,,,,,,,
10091,Tsu,2014,4,19,13,27,59,31,7.5,7.5,,,,,,,PAPUA NEW GUINEA,,PAPUA NEW GUINEA:  SOLOMON SEA,-6.72,154.931,170,,,,,,,,,,,,,,,,,,,,,,,,
10101,Tsu,2014,6,23,19,19,16,20,6.9,6.9,,,,,,,NEW ZEALAND,,NEW ZEALAND:  SSE OF RAOUL ISLAND,-30.118,-177.67,170,,,,,,,,,,,,,,,,,,,,,,,,
10100,Tsu,2014,6,23,20,53,10,108,7.9,7.9,,,,,,,USA,AK,ALASKA:  ALEUTIAN ISLANDS,51.797,178.76,150,,,,,,,,,,,,,,,,,,,,,,,,
10105,Tsu,2014,7,11,19,21,59,11,6.5,6.5,,,,,,,JAPAN,,JAPAN:  SANRIKU,37.04,142.425,30,,,,,3,1,,,,,,,,,,,3,1,,,,,,
10107,Tsu,2014,7,25,10,54,49,10,6.1,6.1,,,,,,,USA,AK,ALASKA:  SOUTHEASTERN,58.358,-137.13,150,,,,,,,,,,,,,,,,,,,,,,,,
10115,Tsu,2014,10,9,2,14,32,16,7.1,7.1,,,,,,,CHILE,,CHILE: EASTER ISLAND REGION,-32.115,-110.779,160,,,,,,,,,,,,,,,,,,,,,,,,
10193,Tsu,2014,10,14,3,51,46,40,7.3,7.3,,,,,,7,EL SALVADOR,,EL SALVADOR:  GULF OF FONSECA,12.526,-88.123,100,1,1,,,,,,1,5,1,41,1,1,1,,,,,,1,5,1,41,1
10119,Tsu,2014,11,15,2,31,40,35,7.1,7.1,,,,,,,INDONESIA,,INDONESIA:  N. MOLUCCAS ISLANDS,1.928,126.547,170,,,,,,,,,,,,,,,,,,,,,,,,
10131,Tsu,2015,2,16,23,6,27,23,6.7,6.7,,,,,,,JAPAN,,JAPAN:  HONSHU,39.83,142.89,30,,,,,,,,,,,,,,,,,,,,,,,,
10135,Tsu,2015,2,19,13,18,32,10,6.4,6.4,,,,,,5,VANUATU,,VANUATU ISLANDS,-16.431,168.148,170,,,,,,,,,,,,,,,,,,,,1,,,,
10133,Tsu,2015,3,29,23,48,31,40,7.5,7.5,,,,,,,PAPUA NEW GUINEA,,PAPUA NEW GUINEA,-4.76,152.556,170,,,,,,,,,,,,,,,,,,,,,,,,
10140,Tsu,2015,5,2,16,50,46,33,5.7,5.7,,,,,,,JAPAN,,JAPAN:  HONSHU:  S. OF,31.594,140.167,30,,,,,,,,,,,,,,,,,,,,,,,,
10139,Tsu,2015,5,5,1,44,5,42,7.5,7.5,,,,,,,PAPUA NEW GUINEA,,PAPUA NEW GUINEA,-5.465,151.886,170,,,,,,,,1,,,,1,,,,,,,,1,,,,1
10147,Tsu,2015,7,10,4,12,42,12,6.7,6.7,,,,,,,SOLOMON ISLANDS,,SOLOMON ISLANDS,-9.303,158.396,170,,,,,,,,,,,,,,,,,,,,,,,,
10146,Tsu,2015,7,18,2,27,33,10,7,7,,,,,,,SOLOMON ISLANDS,,SOLOMON ISLANDS,-10.444,165.172,170,,,,,,,,,,,,,,,,,,,,,,,,
10157,Tsu,2015,7,27,4,49,46,29,6.9,6.9,,,,,,,USA,AK,ALASKA,52.376,-169.446,150,,,,,,,,,,,,,,,,,,,,,,,,
10156,Tsu,2015,9,16,22,54,32,22,8.3,8.3,,,,,,9,CHILE,,CHILE:  CENTRAL,-31.573,-71.674,160,7,1,1,1,14,1,600,4,2305,4,10044,4,15,1,1,1,14,1,600,4,2305,4,10044,4
10162,Tsu,2015,11,11,1,54,37,10,6.9,6.9,,,,,,7,CHILE,,CHILE:  LA SERENA,-29.439,-72.105,160,,,,,,,,,,,,,,,,,,,,,,,,
10163,Tsu,2015,11,13,20,51,30,12,6.7,6.7,,,,,,,JAPAN,,JAPAN:  KYUSYU ISLAND,30.991,128.877,30,,,,,,,,,,,,,,,,,,,,,,,,
10164,Tsu,2015,11,17,7,10,8,11,6.5,6.5,,,,,,,GREECE,,"GREECE:  LEFKADA, KEFALONIA, ITHACA",38.755,20.552,,2,1,,,4,1,,2,1,1,,2,2,1,,,4,1,,2,1,1,,2
10175,Tsu,2016,3,2,12,49,48,24,7.8,7.8,,,,,,,INDONESIA,,INDONESIA: SUMATRA:,-4.908,94.275,60,,1,,,,,,,,,,,,1,,,,,,,,,,
10179,Tsu,2016,4,28,19,33,24,27,7,7,,,,,,,VANUATU,,VANUATU ISLANDS,-16.074,167.393,170,,,,,,,,,,,,,,,,,,,,,,,,
10190,Tsu,2016,8,12,1,26,35,10,7.2,7.2,,,,,,,NEW CALEDONIA,,NEW CALEDONIA:  LOYALTY ISLANDS,-22.495,173.111,,,,,,,,,,,,,,,,,,,,,,,,,
10192,Tsu,2016,8,19,7,32,22,10,7.4,7.4,,,,,,,SOUTH GEORGIA AND THE SOUTH SANDWICH ISLANDS,,SOUTH SANDWICH ISLANDS,-55.279,-31.874,70,,,,,,,,,,,,,,,,,,,,,,,,
10196,Tsu,2016,9,1,16,37,57,19,7.1,7.1,,,,,,6,NEW ZEALAND,,NEW ZEALAND:  GISBORNE,-37.401,179.055,170,,,,,,,,,,,,,,,,,,,,,,,,
10206,Tsu,2016,11,13,11,2,56,53,7.8,7.8,,,,,,,NEW ZEALAND,,NEW ZEALAND:  AMBERLEY,-42.757,173.077,170,2,1,,,,,,2,,,,1,2,1,,,,,,2,1,1,,1
10209,Tsu,2016,11,21,20,59,49,11,6.9,6.9,,,,,,,JAPAN,,JAPAN: NEAR E COAST HONSHU,37.392,141.403,30,,,,,,1,,1,,,,,,,,,,1,,1,,,,
10211,Tsu,2016,11,24,18,43,48,10,7,7,,,,,,,NICARAGUA,,NICARAGUA,11.96,-88.835,100,,,,,,,,,,,,,,,,,,,,,,,,
10219,Tsu,2016,12,9,19,10,7,21,6.9,6.9,,,,,,,SOLOMON ISLANDS,,SOLOMON ISLANDS,-10.73,161.107,170,,,,,,,,,,,,,,,,,,,,,,,,
10220,Tsu,2016,12,17,10,51,12,103,7.9,7.9,,,,,,,PAPUA NEW GUINEA,,PAPUA NEW GUINEA:  NEW BRITAIN NEW IRELAND,-4.509,153.45,170,,,,,,,,,,,,,,,,,,,,,,,,
10224,Tsu,2016,12,25,14,22,27,35,7.6,7.6,,,,,,,CHILE,,CHILE,-43.416,-73.88,160,,,,,,,,1,,,,,,,,,,,,1,,,,
10225,Tsu,2017,1,3,21,52,31,17,6.9,6.9,,,,,,,FIJI,,FIJI ISLANDS,-19.326,176.053,170,,,,,,,,,,,,,,,,,,,,,,,,
10235,Tsu,2017,1,22,4,30,56,136,7.9,7.9,,,,,,,PAPUA NEW GUINEA,,PAPUA NEW GUINEA:  BOUGAINVILLE ISLAND,-6.214,155.122,170,,,,,,,,1,,,,,,,,,,,,1,,,,
