Year,Month,Day,TSU,EQ,Name,Location,Country,Latitude,Longitude,Elevation,Type,Status,Time,VEI,Agent,DEATHS,DEATHS_DESCRIPTION,MISSING,MISSING_DESCRIPTION,INJURIES,INJURIES_DESCRIPTION,DAMAGE_MILLIONS_DOLLARS,DAMAGE_DESCRIPTION,HOUSES_DESTROYED,HOUSES_DESTROYED_DESCRIPTION,TOTAL_DEATHS,TOTAL_DEATHS_DESCRIPTION,TOTAL_MISSING,TOTAL_MISSING_DESCRIPTION,TOTAL_INJURIES,TOTAL_INJURIES_DESCRIPTION,TOTAL_DAMAGE_MILLIONS_DOLLARS,TOTAL_DAMAGE_DESCRIPTION,TOTAL_HOUSES_DESTROYED,TOTAL_HOUSES_DESTROYED_DESCRIPTION
1950,8,28,,,Semeru,Java,Indonesia,-8.108,112.92,3676,Stratovolcano,Historical,D1,1,P,6,1,,,,,,,,,6,1,,,,,,,,
1950,9,15,,,Camiguin,Mindanao-Philippines,Philippines,9.203,124.673,1332,Stratovolcano,Historical,D2,3,P,68,2,,,,,,,,,68,2,,,,,,,,
1950,9,23,,,Asama,Honshu-Japan,Japan,36.4,138.53,2560,Complex volcano,Historical,D1,2,T,1,1,,,1,1,,,,1,1,1,,,1,1,,,,1
1951,1,15,,,Lamington,New Guinea,Papua New Guinea,-8.95,148.15,1680,Stratovolcano,Historical,D2,4,P,2942,4,,,,2,,,,,2942,4,,,,2,,,,
1951,8,3,TSU,EQ,Cosiguina,Nicaragua,Nicaragua,12.98,-87.57,872,Stratovolcano,Historical,D3,,,,,,,,,,,,,1000,3,,,,,,3,,
1951,8,31,,,Kelut,Java,Indonesia,-7.93,112.308,1731,Stratovolcano,Historical,D1,3,,7,1,,,,,,,,,7,1,,,,,,,,
1951,11,5,,,Hakone,Honshu-Japan,Japan,35.22,139.02,1438,Complex volcano,Radiocarbon,D7,,G,2,1,,,,,,,,,2,1,,,,,,,,
1951,12,4,,,Camiguin,Mindanao-Philippines,Philippines,9.203,124.673,1332,Stratovolcano,Historical,D2,3,P,500,3,1500,4,,,,,,,500,3,1500,4,,,,,,
1951,,,TSU,,Kavachi,Solomon Is-SW Pacifi,Solomon Is.,-9.02,157.95,-20,Submarine volcano,Historical,D1,2,,,,,,,,,,,,,,,,,,,,,
1952,3,27,,,Hakone,Honshu-Japan,Japan,35.22,139.02,1438,Complex volcano,Radiocarbon,D7,,G,1,1,,,,,,,,,1,1,,,,,,,,
1952,9,16,TSU,,Myojun Knoll,Izu Is-Japan,Japan,32.1,139.85,360,Submarine volcano,Holocene,Unknown,2,,,,,,,,,,,,,,,,,,,,,
1952,9,23,TSU,,Myojun Knoll,Izu Is-Japan,Japan,32.1,139.85,360,Submarine volcano,Holocene,Unknown,2,,,,,,,,,,,,,,,,,,,,,
1952,9,24,TSU,,Myojun Knoll,Izu Is-Japan,Japan,32.1,139.85,360,Submarine volcano,Holocene,Unknown,2,P,31,1,,,,,,1,,,31,1,,,,,,1,,
1952,9,26,TSU,,Myojun Knoll,Izu Is-Japan,Japan,32.1,139.85,360,Submarine volcano,Holocene,Unknown,2,,,,,,,,,,,,,,,,,,,,,
1952,,,,,Ambalatungan Group,Luzon-Philippines,Philippines,17.32,121.1,2329,Compound volcano,Fumarolic,U,1,,12,1,,,,,,,,,12,1,,,,,,,,
1953,3,11,TSU,,Myojun Knoll,Izu Is-Japan,Japan,32.1,139.85,360,Submarine volcano,Holocene,Unknown,2,,,,,,,,,,,,,,,,,,,,,
1953,3,23,,,Merapi,Java,Indonesia,-7.542,110.442,2947,Stratovolcano,Historical,D1,3,P,64,2,,,57,2,,2,144,3,64,2,,,57,2,,2,144,3
1953,3,25,TSU,,Myojun Knoll,Izu Is-Japan,Japan,32.1,139.85,360,Submarine volcano,Holocene,Unknown,2,,,,,,,,,,,,,,,,,,,,,
1953,4,27,,,Aso,Kyushu-Japan,Japan,32.88,131.1,1592,Caldera,Historical,D1,2,T,6,1,,,,,,,,,6,1,,,,,,,,
1953,6,27,TSU,,St. Andrew Strait,Admiralty Is-SW Paci,Papua New Guinea,-2.38,147.35,270,Complex volcano,Historical,D2,0,,,,,,,,,,,,,,,,,,,1,,
1953,6,,,,Sirung,Lesser Sunda Is,Indonesia,-8.51,124.148,862,Complex volcano,Historical,D1,0,,5,1,,,1,1,,,,,5,1,,,1,1,,,,
1953,7,26,,,Hakone,Honshu-Japan,Japan,35.22,139.02,1438,Complex volcano,Radiocarbon,D7,,A,10,1,,,,,,,,,10,1,,,,,,,,
1953,10,5,,,Oshima,Izu Is-Japan,Japan,34.73,139.38,758,Stratovolcano,Historical,D1,1,,1,1,,,,,,,,,1,1,,,,,,,,
1953,12,24,,,Ruapehu,New Zealand,New Zealand,-39.28,175.57,2797,Stratovolcano,Historical,D1,,m,151,3,,,,,,,,,151,3,,,,,,,,
1954,2,,TSU,,Stromboli,Italy,Italy,38.789,15.213,926,Stratovolcano,Historical,D1,,,,,,,,,,,,,,,,,,,,,,
1954,7,21,,,Tate-yama,Honshu-Japan,Japan,36.57,137.6,2621,Stratovolcano,Historical,D3,,G,1,1,,,,,,,,,1,1,,,,,,,,
1954,8,3,,,Bam,New Guinea-NE of,Papua New Guinea,-3.6,144.85,685,Stratovolcano,Historical,D2,2,I,25,1,,,,2,,,,,25,1,,,,2,,,,
1954,,,,,Camiguin,Mindanao-Philippines,Philippines,9.203,124.673,1332,Stratovolcano,Historical,D2,,m,2,1,,,,,,,,,2,1,,,,,,,,
1955,7,26,,,Carran-Los Venados,Chile-C,Chile,-40.35,-72.07,1114,Pyroclastic cone,Historical,D1,4,G,2,1,,,,,,,,,2,1,,,,,,,,
1955,10,13,,,Sakura-jima,Kyushu-Japan,Japan,31.58,130.67,1117,Stratovolcano,Historical,D1,3,,,1,,,,,,,,,,1,,,,,,,,
1956,3,30,TSU,,Bezymianny,Kamchatka,Russia,55.978,160.587,2882,Stratovolcano,Historical,D1,5,,,,,,,,,,,,,,,,,,,,,
1957,3,11,,EQ,Vsevidof,Aleutian Is,United States,53.13,-168.68,2149,Stratovolcano,Historical,D3,2,,,,,,,,,,,,,,,,,,,,,
1957,7,,,,Unzen,Kyushu-Japan,Japan,32.75,130.3,1500,Complex volcano,Historical,D1,,m,13,1,,,,,,,,,13,1,,,,,,,,
1957,8,,,,Oshima,Izu Is-Japan,Japan,34.73,139.38,758,Stratovolcano,Historical,D1,2,T,1,1,,,53,2,,,,,1,1,,,53,2,,,,
1957,10,,,,Aso,Kyushu-Japan,Japan,32.88,131.1,1592,Caldera,Historical,D1,2,T,12,1,,,,,,,,,12,1,,,,,,,,
1958,7,12,,,Mahawu,Sulawesi-Indonesia,Indonesia,1.358,124.858,1324,Stratovolcano,Historical,D1,2,M,1,1,,,10,1,,,,,1,1,,,10,1,,,,
1958,7,21,,,Daisetsu,Hokkaido-Japan,Japan,43.68,142.88,2290,Stratovolcano,Tephrochronology,D6,,G,2,1,,,,,,,,,2,1,,,,,,,,
1958,10,7,TSU,,Kuwae,Vanuatu-SW Pacific,Vanuatu,-16.829,168.536,-2,Caldera,Historical,D1,2,,,,,,,,,,,,,,,,,,,,,
1960,5,25,TSU,EQ,Puyehue,Chile-C,Chile,-40.59,-72.117,2236,Stratovolcano,Holocene,U,3,,,,,,,,,,,,,,,,,,,,,
1961,1,25,,,Calbuco,Chile-S,Chile,-41.326,-72.614,2003,Stratovolcano,Historical,D2,3,,,,,,,,,1,,,,,,,,,,,,
1961,4,23,,,Tate-yama,Honshu-Japan,Japan,36.57,137.6,2621,Stratovolcano,Historical,D3,,G,1,1,,,,,,,,,1,1,,,,,,,,
1961,5,8,,,Merapi,Java,Indonesia,-7.542,110.442,2947,Stratovolcano,Historical,D1,3,P,6,1,,,6,1,,2,,3,6,1,,,6,1,,2,,3
1961,6,18,,,Daisetsu,Hokkaido-Japan,Japan,43.68,142.88,2290,Stratovolcano,Tephrochronology,D6,,G,2,1,,,,,,,,,2,1,,,,,,,,
1961,8,18,,,Asama,Honshu-Japan,Japan,36.4,138.53,2560,Complex volcano,Historical,D1,2,T,1,1,,,,,,,,,1,1,,,,,,,,
1962,6,29,,,Tokachi,Hokkaido-Japan,Japan,43.42,142.68,2077,Stratovolcano,Historical,D1,3,T,5,1,,,11,1,,,,,5,1,,,11,1,,,,
1962,10,,,,Merapi,Java,Indonesia,-7.542,110.442,2947,Stratovolcano,Historical,D1,,m,2,1,,,,,,,,,2,1,,,,,,,,
1962,12,31,,,Gamalama,Halmahera-Indonesia,Indonesia,0.8,127.325,1715,Stratovolcano,Historical,D1,2,,5,1,,,5,1,,,,,5,1,,,5,1,,,,
1963,3,17,TSU,,Agung,Lesser Sunda Is,Indonesia,-8.342,115.508,3142,Stratovolcano,Historical,D1,4,"P,T,M,A",1028,4,,3,624,3,,,,,1028,4,,3,624,3,,,,
1963,3,17,,,Irazu,Costa Rica,Costa Rica,9.979,-83.852,3432,Stratovolcano,Historical,D1,3,T,15,1,,,,,,,,,15,1,,,,,,,,
1963,5,5,,,Semeru,Java,Indonesia,-8.108,112.92,3676,Stratovolcano,Historical,D1,2,T,1,1,,,,,,,,,1,1,,,,,,,,
1963,5,16,,EQ,Agung,Lesser Sunda Is,Indonesia,-8.342,115.508,3142,Stratovolcano,Historical,D1,3,,120,2,,,,,,,,,120,2,,,,,,,,
1963,5,21,,,Villarrica,Chile-C,Chile,-39.42,-71.93,2847,Stratovolcano,Historical,D1,2,M,,1,,,,,,,,,,1,,,,,,,,
1963,9,5,,,Batur,Lesser Sunda Is,Indonesia,-8.242,115.375,1717,Caldera,Historical,D1,2,,2,1,,,,,,,,1,2,1,,,,,,,,1
1963,9,28,,,Fuego,Guatemala,Guatemala,14.473,-90.88,3763,Stratovolcano,Historical,D1,3,M,7,1,,,,,,,,,7,1,,,,,,,,
1963,12,10,,,Irazu,Costa Rica,Costa Rica,9.979,-83.852,3432,Stratovolcano,Historical,D1,3,"M,T",40,1,,,,1,,,400,3,40,1,,,,1,,,400,3
1964,1,1,,,Paluweh,Lesser Sunda Is,Indonesia,-8.32,121.708,875,Stratovolcano,Historical,D1,2,,1,1,,,3,1,,,,,1,1,,,3,1,,,,
1964,3,3,,,Villarrica,Chile-C,Chile,-39.42,-71.93,2847,Stratovolcano,Historical,D1,2,M,25,1,,,,,,,,,25,1,,,,,,,,
1964,12,13,,,Dieng Volc Complex,Java,Indonesia,-7.2,109.92,2565,Complex volcano,Historical,D1,1,,114,3,,,,,,,,,114,3,,,,,,,,
1965,9,28,TSU,,Taal,Luzon-Philippines,Philippines,14.002,120.993,400,Stratovolcano,Historical,D1,4,"P,W",355,3,,,,,,1,,1,355,3,,,,,,1,,1
1966,1,13,TSU,,Tinakula,Santa Cruz Is-SW Pac,Solomon Is.,-10.38,165.8,851,Stratovolcano,Historical,D1,3,,,,,,,,,,,,,,,,,,,,,
1966,4,26,,,Kelut,Java,Indonesia,-7.93,112.308,1731,Stratovolcano,Historical,D1,4,"M,m,P",215,3,78,2,86,2,,,,,215,3,78,2,86,2,,,,
1966,8,12,,,Awu,Sangihe Is-Indonesia,Indonesia,3.67,125.5,1320,Stratovolcano,Historical,D1,4,"P,M,I",39,1,,,1000,3,,,,2,39,1,,,1000,3,,,,2
1966,8,14,,,"Lengai, Ol Doinyo",Africa-E,Tanzania,-2.751,35.902,2890,Stratovolcano,Historical,D1,4,,,,,,,,,1,,,,,,,,,,1,,
1967,7,8,,,"Lengai, Ol Doinyo",Africa-E,Tanzania,-2.751,35.902,2890,Stratovolcano,Historical,D1,3,,,,,,,,,1,,,,,,,,,,1,,
1967,8,31,,,Semeru,Java,Indonesia,-8.108,112.92,3676,Stratovolcano,Historical,D1,3,M,3,1,,,,,,1,,,3,1,,,,,,1,,
1967,12,4,TSU,,Deception Island,Antarctica,Antarctica,-62.97,-60.65,576,Caldera,Historical,D1,3,,,,,,,,,,,,,,,,,,,,,
1968,4,21,,,Mayon,Luzon-Philippines,Philippines,13.257,123.685,2462,Stratovolcano,Historical,D1,3,"M,P",6,1,,,,,,,,,6,1,,,,,,,,
1968,7,29,,,Arenal,Costa Rica,Costa Rica,10.463,-84.703,1657,Stratovolcano,Historical,D1,3,"P,T",80,2,,,,,,,,,80,2,,,,,,,,
1969,1,7,,,Merapi,Java,Indonesia,-7.542,110.442,2947,Stratovolcano,Historical,D1,2,P,3,1,,,,,,,,,3,1,,,,,,,,
1969,1,28,,,Iya,Lesser Sunda Is,Indonesia,-8.88,121.63,637,Stratovolcano,Historical,D1,3,"T,m",2,1,,,10,1,,,287,2,2,1,,,10,1,,,287,2
1969,3,21,TSU,,Didicas,Luzon-N of,Philippines,19.077,122.202,244,Compound volcano,Historical,D1,2,W,,,,,,,,,,,3,1,,,,,,,,
1969,8,26,,,Narugo,Honshu-Japan,Japan,38.73,140.73,462,Caldera,Historical,D6,,G,1,1,,,,,,,,,1,1,,,,,,,,
1970,3,2,,,Campi Flegrei,Italy,Italy,40.827,14.139,458,Caldera,Historical,D5,,S,3,1,,,,,,1,,1,3,1,,,,,,1,,1
1970,5,5,,,Hekla,Iceland-S,Iceland,63.98,-19.7,1491,Stratovolcano,Historical,D1,3,,,,,,,,,1,,,,,,,,,,1,,
1971,8,12,,,"Hudson, Cerro",Chile-S,Chile,-45.9,-72.97,1905,Stratovolcano,Historical,D1,3,M,5,1,,,,,,,,,3,1,,,,,,,,
1971,9,6,TSU,,Tinakula,Santa Cruz Is-SW Pac,Solomon Is.,-10.38,165.8,851,Stratovolcano,Historical,D1,2,,,,,,,,,,,,,,,,,,,,,
1971,9,14,,,Fuego,Guatemala,Guatemala,14.473,-90.88,3763,Stratovolcano,Historical,D1,3,"M,T",10,1,,,,,,,,,10,1,,,,,,,,
1971,10,26,,,La Palma,Canary Is,Spain,28.58,-17.83,2426,Stratovolcano,Historical,D1,2,,,1,,,,,,1,,,,1,,,,,,1,,
1971,10,29,,,Villarrica,Chile-C,Chile,-39.42,-71.93,2847,Stratovolcano,Historical,D1,2,M,15,1,,,,,,,,,15,1,,,,,,,,
1971,12,27,,,Kusatsu-Shirane,Honshu-Japan,Japan,36.62,138.55,2176,Stratovolcano,Historical,D1,,G,6,1,,,,,,,,,6,1,,,,,,,,
1972,6,9,,,"Fournaise, Piton de la",Indian O-W,Reunion,-21.229,55.713,2631,Shield volcano,Historical,D1,2,I,3,1,,,,,,,,,3,1,,,,,,,,
1972,10,2,,,Hakone,Honshu-Japan,Japan,35.22,139.02,1438,Complex volcano,Radiocarbon,D7,,,2,1,,,,,,,,,2,1,,,,,,,,
1972,10,9,TSU,,Ritter Island,New Guinea-NE of,Papua New Guinea,-5.52,148.121,140,Stratovolcano,Historical,D1,1,,,,,,,,,,,,,,,,,,,,,
1973,1,27,,,Vestmannaeyjar,Iceland-S,Iceland,63.43,-20.28,279,Submarine volcano,Historical,D1,3,G,1,1,,,,,,,,,1,1,,,,,,,,
1973,1,,,,Paluweh,Lesser Sunda Is,Indonesia,-8.32,121.708,875,Stratovolcano,Historical,D1,3,,,,,,,,,1,,1,,,,,,,,1,,1
1973,4,5,,,"Hudson, Cerro",Chile-S,Chile,-45.9,-72.97,1905,Stratovolcano,Historical,D1,,M,2,1,,,,,,1,,1,2,1,,,,,,1,,1
1973,12,5,,,Iliwerung,Lesser Sunda Is,Indonesia,-8.54,123.59,1018,Complex volcano,Historical,D1,2,W,2,1,,,,,,,,,2,1,,,,,,,,
1974,2,11,,,Karangetang [Api Siau],Sangihe Is-Indonesia,Indonesia,2.78,125.48,1784,Stratovolcano,Historical,D1,3,A,4,1,,,,,,,,,4,1,,,,,,,,
1974,6,17,,,Sakura-jima,Kyushu-Japan,Japan,31.58,130.67,1117,Stratovolcano,Historical,D1,3,M,3,1,,,,,,,,,3,1,,,,,,,,
1974,7,28,,,Niigata-Yake-yama,Honshu-Japan,Japan,36.92,138.03,2400,Lava dome,Historical,D1,2,T,3,1,,,,,,,,,3,1,,,,,,,,
1974,8,9,,,Sakura-jima,Kyushu-Japan,Japan,31.58,130.67,1117,Stratovolcano,Historical,D1,3,M,5,1,,,,,,,,,5,1,,,,,,,,
1974,10,10,,,Fuego,Guatemala,Guatemala,14.473,-90.88,3763,Stratovolcano,Historical,D1,4,"T,M",,1,,,,,,,,,,1,,,,,,,,
1974,10,17,TSU,,Ritter Island,New Guinea-NE of,Papua New Guinea,-5.52,148.121,140,Stratovolcano,Historical,D1,1,,,,,,,,,,,,,,,,,,,,,
1974,10,22,,,Merapi,Java,Indonesia,-7.542,110.442,2947,Stratovolcano,Historical,D1,2,M,9,1,,,,,,,6,1,9,1,,,,,,,6,1
1975,1,,,,Marapi,Sumatra,Indonesia,-0.381,100.473,2891,Complex volcano,Historical,D1,2,M,80,2,,,,,,3,,3,80,2,,,,,,3,,3
1975,6,17,,,Arenal,Costa Rica,Costa Rica,10.463,-84.703,1657,Stratovolcano,Historical,D1,3,,2,1,,,,1,,,,,2,1,,,,1,,,,
1975,11,29,TSU,EQ,Kilauea,Hawaiian Is,United States,19.425,-155.292,1222,Shield volcano,Historical,D1,0,W,,,,,,,,,,,2,1,,,,1,4,2,,
1976,8,3,,,Kusatsu-Shirane,Honshu-Japan,Japan,36.62,138.55,2176,Stratovolcano,Historical,D1,,G,3,1,,,,,,,,,3,1,,,,,,,,
1976,8,12,,,Sangay,Ecuador,Ecuador,-2.03,-78.33,5230,Stratovolcano,Historical,D1,3,T,2,1,,,4,1,,,,,2,1,,,4,1,,,,
1976,8,31,,,Semeru,Java,Indonesia,-8.108,112.92,3676,Stratovolcano,Historical,D1,2,M,119,3,,,,,,,,,119,3,,,,,,,,
1976,9,15,,,Karangetang [Api Siau],Sangihe Is-Indonesia,Indonesia,2.78,125.48,1784,Stratovolcano,Historical,D1,2,P,1,1,,,1,1,,,24,1,1,1,,,1,1,,,24,1
1976,11,25,,,Merapi,Java,Indonesia,-7.542,110.442,2947,Stratovolcano,Historical,D1,2,M,29,1,,,,,,,,,29,1,,,,,,,,
1977,1,10,,,Nyiragongo,Africa-C,"Congo, DRC",-1.52,29.25,3470,Stratovolcano,Historical,D1,1,L,,2,,,,,,3,,,,2,,,,,,3,,
1977,4,5,,,Karthala,Indian O-W,Comoros,-11.75,43.38,2361,Shield volcano,Historical,D1,0,,,1,,,,,,1,,,,1,,,,,,1,,
1977,4,27,,,Krafla,Iceland-NE,Iceland,65.73,-16.78,650,Caldera,Historical,D1,1,,,,,,,,,1,,,,,,,,,,1,,
1977,8,2,,,Kliuchevskoi,Kamchatka,Russia,56.057,160.638,4835,Stratovolcano,Historical,D1,3,T,1,1,,,,,,,,,1,1,,,,,,,,
1977,8,7,,,Usu,Hokkaido-Japan,Japan,42.53,140.83,731,Stratovolcano,Historical,D1,3,I,3,1,,,,,,,,,3,1,,,,,,,,
1978,1,13,,,Usu,Hokkaido-Japan,Japan,42.53,140.83,731,Stratovolcano,Historical,D1,3,m,3,1,,,2,1,,,,,3,1,,,2,1,,,,
1978,7,29,,,Bulusan,Luzon-Philippines,Philippines,12.77,124.05,1565,Stratovolcano,Historical,D1,2,,,,,,,,,1,,,,,,,,,,1,,
1978,9,2,,,Santa Maria,Guatemala,Guatemala,14.756,-91.552,3772,Stratovolcano,Historical,D1,3,M,1,1,,,,,,,,,1,1,,,,,,,,
1978,9,19,,,Semeru,Java,Indonesia,-8.108,112.92,3676,Stratovolcano,Historical,D1,3,M,12,1,,,,,,,,,12,1,,,,,,,,
1978,,,,,Tangkubanparahu,Java,Indonesia,-6.77,107.6,2084,Stratovolcano,Historical,D1,,I,3,1,,,,,,,,,3,1,,,,,,,,
1979,2,20,,,Dieng Volc Complex,Java,Indonesia,-7.2,109.92,2565,Complex volcano,Historical,D1,1,G,149,3,,,,,,,,,149,3,,,,,,,,
1979,3,8,,,Karkar,New Guinea-NE of,Papua New Guinea,-4.649,145.964,1839,Stratovolcano,Historical,D1,2,P,2,1,,,,,,,,,2,1,,,,,,,,
1979,4,13,,,Soufriere St. Vincent,W Indies,St. Vincent & the Grenadines,13.33,-61.18,1220,Stratovolcano,Historical,D1,3,"T,P",2,1,,,,,,,,,2,1,,,,,,,,
1979,7,5,,,Etna,Italy,Italy,37.734,15.004,3350,Stratovolcano,Historical,D1,2,T,9,1,,,23,1,,,,,9,1,,,23,1,,,,
1979,9,6,,,Aso,Kyushu-Japan,Japan,32.88,131.1,1592,Caldera,Historical,D1,2,T,3,1,,,11,1,,,,,3,1,,,11,1,,,,
1979,,,,,Iliwerung,Lesser Sunda Is,Indonesia,-8.54,123.59,1018,Complex volcano,Historical,D1,0,,,,,,,,,,,,1239,4,,,32,1,,3,,3
1980,5,18,TSU,EQ,St. Helens,US-Washington,United States,46.2,-122.18,2549,Stratovolcano,Historical,D1,5,"P,M,T",57,2,,,,,2000,4,,,57,2,,,,,2000,4,,
1980,8,17,,,Hekla,Iceland-S,Iceland,63.98,-19.7,1491,Stratovolcano,Historical,D1,3,,,,,,,,,1,,,,,,,,,,1,,
1980,12,25,,,Hood,US-Oregon,United States,45.374,-121.694,3426,Stratovolcano,Historical,D3,,m,1,1,,,,,,,,,1,1,,,,,,,,
1981,3,17,,,Etna,Italy,Italy,37.734,15.004,3350,Stratovolcano,Historical,D1,2,,,,,,,,10,3,,,,,,,,,,,,
1981,3,29,,,Semeru,Java,Indonesia,-8.108,112.92,3676,Stratovolcano,Historical,D1,3,P,1,1,,,,,,,,,1,1,,,,,,,,
1981,4,27,,,Alaid,Kuril Is,Russia,50.858,155.55,2339,Stratovolcano,Historical,D1,2,,,,,,,,,1,,,,,,,,,,1,,
1981,5,14,,,Semeru,Java,Indonesia,-8.108,112.92,3676,Stratovolcano,Historical,D1,3,m,372,3,120,3,152,3,,,,,372,3,120,3,152,3,,,,
1981,6,30,,,Mayon,Luzon-Philippines,Philippines,13.257,123.685,2462,Stratovolcano,Historical,D1,,m,200,3,,,,,,,,,200,3,,,,,,,,
1981,9,5,,,Paluweh,Lesser Sunda Is,Indonesia,-8.32,121.708,875,Stratovolcano,Historical,D1,2,P,,,,,,,,1,,1,,,,,,,,1,,1
1981,,,,,Vilyuchik,Kamchatka,Russia,52.68,158.3,2173,Stratovolcano,Tephrochronology,D7,,A,,1,,,,,,,,,,1,,,,,,,,
1982,3,28,,EQ,"Chichon, El",Mexico,Mexico,17.36,-93.228,1150,Tuff cone,Historical,D1,5,"P,T,M,S",1879,4,1755,4,,,3.3,2,,,1879,4,1755,4,,,3.3,2,,
1982,4,4,,,"Chichon, El",Mexico,Mexico,17.36,-93.228,1150,Tuff cone,Historical,D1,5,P,33,1,,,,,,,,,33,1,,,,,,,,
1982,5,17,,,Galunggung,Java,Indonesia,-7.25,108.05,2168,Stratovolcano,Historical,D1,4,"I,T",68,2,,,,,15,3,,,68,2,,,,,15,3,,
1982,5,27,,,"Chichon, El",Mexico,Mexico,17.36,-93.228,1150,Tuff cone,Historical,D1,5,m,1,1,,,,,,,,,1,1,,,,,,,,
1983,3,8,,,Kliuchevskoi,Kamchatka,Russia,56.057,160.638,4835,Stratovolcano,Historical,D1,2,T,1,1,,,,,,,,,1,1,,,,,,,,
1983,7,23,,,Colo [Una Una],Sulawesi-Indonesia,Indonesia,-0.17,121.608,507,Stratovolcano,Historical,D1,4,,,,,,,,,1,,,,,,,,,,1,,
1983,8,17,TSU,,Iliwerung,Lesser Sunda Is,Indonesia,-8.54,123.59,1018,Complex volcano,Historical,D1,1,W,,,,,,,,,,,,,,,,,,,,
1983,10,3,,EQ,Miyake-jima,Izu Is-Japan,Japan,34.08,139.53,815,Stratovolcano,Historical,D1,3,,,,,,,,,1,,,,,,,,,,2,,
1984,8,15,,,Oku Volc Field,Africa-W,Cameroon,6.25,10.5,3011,Maar,Radiocarbon,D5,,G,37,1,,,,,,,,,37,1,,,,,,,,
1984,9,9,,,Mayon,Luzon-Philippines,Philippines,13.257,123.685,2462,Stratovolcano,Historical,D1,3,M,1,1,,,,,,,,,1,1,,,,,,,,
1984,9,14,,,On-take,Honshu-Japan,Japan,35.9,137.48,3063,Complex volcano,Historical,D1,,A,29,1,,,,,,,,,29,1,,,,,,,,
1984,10,16,,,Etna,Italy,Italy,37.734,15.004,3350,Stratovolcano,Historical,D1,3,S,1,1,,,,,,,,,1,1,,,,,,,,
1985,5,10,,,Semeru,Java,Indonesia,-8.108,112.92,3676,Stratovolcano,Historical,D1,3,A,70,2,,,,,,,,,70,2,,,,,,,,
1985,11,13,,,Ruiz,Colombia,Colombia,4.895,-75.322,5321,Stratovolcano,Historical,D1,3,M,23080,4,,,10000,4,,,,,23080,4,,,10000,4,,,,
1985,12,19,,,Etna,Italy,Italy,37.734,15.004,3350,Stratovolcano,Historical,D1,1,S,1,1,,,,,,,,,1,1,,,,,,,,
1986,5,8,,,Akita-Yake-yama,Honshu-Japan,Japan,39.97,140.77,1366,Complex volcano,Historical,D1,,G,1,1,,,,,,,,,1,1,,,,,,,,
1986,7,24,,,Stromboli,Italy,Italy,38.789,15.213,926,Stratovolcano,Historical,D1,2,T,1,1,,,,,,,,,1,1,,,,,,,,
1986,8,21,,,Oku Volc Field,Africa-W,Cameroon,6.25,10.5,3011,Maar,Radiocarbon,D5,3,G,1700,4,,,300,3,,,,,1700,4,,,300,3,,,,
1986,10,15,,,Merapi,Java,Indonesia,-7.542,110.442,2947,Stratovolcano,Historical,D1,2,M,1,1,,,,,,,,,1,1,,,,,,,,
1986,11,15,,,Oshima,Izu Is-Japan,Japan,34.73,139.38,758,Stratovolcano,Historical,D1,3,I,1,1,,,,,,,,,1,1,,,,,,,,
1987,1,25,,,Pacaya,Guatemala,Guatemala,14.381,-90.601,2552,Complex volcano,Historical,D1,3,,,,,,15,1,,1,63,2,,,,,15,1,,1,63,2
1987,4,17,,,Etna,Italy,Italy,37.734,15.004,3350,Stratovolcano,Historical,D1,2,T,2,1,,,7,1,,,,,2,1,,,7,1,,,,
1987,12,1,,EQ,Sirung,Lesser Sunda Is,Indonesia,-8.51,124.148,862,Complex volcano,Historical,D1,,,,,,,,,,,,,125,3,,,,3,5,3,237,3
1988,5,9,,,Banda Api,Banda Sea,Pacific Ocean,-4.525,129.871,640,Caldera,Historical,D1,3,"T,L",4,1,,,,,,,,,4,1,,,,,,,,
1988,7,6,,,Arenal,Costa Rica,Costa Rica,10.463,-84.703,1657,Stratovolcano,Historical,D1,3,T,1,1,,,,,,,,,1,1,,,,,,,,
1988,7,30,,,Semeru,Java,Indonesia,-8.108,112.92,3676,Stratovolcano,Historical,D1,3,T,1,1,,,,,,,,,1,1,,,,,,,,
1988,12,25,,,Lonquimay,Chile-C,Chile,-38.377,-71.58,2865,Stratovolcano,Historical,D1,3,T,1,1,,,,,,,,,1,1,,,,,,,,
1988,,,,,Akita-Yake-yama,Honshu-Japan,Japan,39.97,140.77,1366,Complex volcano,Historical,D1,,I,3,1,,,,,,,,,3,1,,,,,,,,
1989,2,12,,,Aso,Kyushu-Japan,Japan,32.88,131.1,1592,Caldera,Historical,D1,,G,1,1,,,,,,,,,1,1,,,,,,,,
1989,8,26,,,Kirishima,Kyushu-Japan,Japan,31.93,130.87,1700,Shield volcano,Historical,D1,,G,2,1,,,,,,,,,2,1,,,,,,,,
1990,2,2,,,Shiveluch,Kamchatka,Russia,56.653,161.36,3283,Stratovolcano,Historical,D1,3,,,,,,,,,1,,,,,,,,,,1,,
1990,2,10,,,Kelut,Java,Indonesia,-7.93,112.308,1731,Stratovolcano,Historical,D1,4,"T,P",32,1,,,,,,,,,32,1,,,,,,,,
1990,3,26,,,Aso,Kyushu-Japan,Japan,32.88,131.1,1592,Caldera,Historical,D1,2,G,1,1,,,,,,,,,1,1,,,,,,,,
1990,4,18,,,Aso,Kyushu-Japan,Japan,32.88,131.1,1592,Caldera,Historical,D1,2,G,1,1,,,,,,,,,1,1,,,,,,,,
1990,5,29,,,Sabancaya,Peru,Peru,-15.78,-71.85,5967,Stratovolcano,Historical,D1,3,,,,,,,,,1,,,,,,,,,,1,,
1990,6,24,,,Rabaul,New Britain-SW Pac,Papua New Guinea,-4.271,152.203,688,Pyroclastic shield,Historical,D1,,G,6,1,,,,,,,,,6,1,,,,,,,,
1990,7,19,,,Santa Maria,Guatemala,Guatemala,14.756,-91.552,3772,Stratovolcano,Historical,D1,3,T,4,1,,,,,,,,,4,1,,,,,,,,
1990,10,19,,,Aso,Kyushu-Japan,Japan,32.88,131.1,1592,Caldera,Historical,D1,2,G,1,1,,,,,,,,,1,1,,,,,,,,
1990,11,21,,,Nyiragongo,Africa-C,"Congo, DRC",-1.52,29.25,3470,Stratovolcano,Historical,D1,,S,1,1,,,,,,,,,1,1,,,,,,,,
1990,11,25,,,Kelut,Java,Indonesia,-7.93,112.308,1731,Stratovolcano,Historical,D1,,m,4,1,,,,,,,,,4,1,,,,,,,,
1991,6,3,,,Unzen,Kyushu-Japan,Japan,32.75,130.3,1500,Complex volcano,Historical,D1,1,P,43,1,,,,,,,,,43,1,,,,,,,,
1991,6,15,,EQ,Pinatubo,Luzon-Philippines,Philippines,15.13,120.35,1486,Stratovolcano,Historical,D1,6,"P,m,I",450,3,,,4,1,,3,,,800,3,,,4,1,,3,,
1991,6,,,,Mutnovsky,Kamchatka,Russia,52.453,158.195,2322,Complex volcano,Historical,D2,,I,1,1,,,,,,,,,1,1,,,,,,,,
1991,7,3,,,Karthala,Indian O-W,Comoros,-11.75,43.38,2361,Shield volcano,Historical,D1,2,,,,,,,,,1,,,,,,,,,,1,,
1991,8,8,,,"Hudson, Cerro",Chile-S,Chile,-45.9,-72.97,1905,Stratovolcano,Historical,D1,5,,,,,,,,,1,,,,,,,,,,1,,
1991,10,24,,,Lokon-Empung,Sulawesi-Indonesia,Indonesia,1.358,124.792,1580,Stratovolcano,Historical,D1,1,"T,P",1,1,,,,,,,,,1,1,,,,,,,,
1991,12,14,,,Etna,Italy,Italy,37.734,15.004,3350,Stratovolcano,Historical,D1,2,,,,,,,,2.5,2,,,,,,,,,2.5,2,,
1992,1,21,,,Karangetang [Api Siau],Sangihe Is-Indonesia,Indonesia,2.78,125.48,1784,Stratovolcano,Historical,D1,2,M,2,1,,,,,,,,,2,1,,,,,,,,
1992,3,18,,,Dieng Volc Complex,Java,Indonesia,-7.2,109.92,2565,Complex volcano,Historical,D1,,G,1,1,,,2,1,,,,,1,1,,,2,1,,,,
1992,4,10,,,"Negro, Cerro",Nicaragua,Nicaragua,12.506,-86.702,728,Cinder cone,Historical,D1,3,"T,I",11,1,,,50,1,3,2,,,11,1,,,50,1,3,2,,
1992,5,11,,,Karangetang [Api Siau],Sangihe Is-Indonesia,Indonesia,2.78,125.48,1784,Stratovolcano,Historical,D1,1,P,6,1,,,1,1,,,,,6,1,,,1,1,,,,
1992,7,5,,,Marapi,Sumatra,Indonesia,-0.381,100.473,2891,Complex volcano,Historical,D1,2,T,1,1,,,5,1,,,,,1,1,,,5,1,,,,
1992,7,12,,,Pinatubo,Luzon-Philippines,Philippines,15.13,120.35,1486,Stratovolcano,Historical,D1,1,m,6,1,,,,,,,,,6,1,,,,,,,,
1992,9,17,,,Spurr,Alaska-SW,United States,61.3,-152.25,3374,Stratovolcano,Historical,D1,3,,,,,,,,2,2,,,,,,,,,2,2,,
1992,,,,,Semeru,Java,Indonesia,-8.108,112.92,3676,Stratovolcano,Historical,D1,3,T,3,1,,,,,,,,,3,1,,,,,,,,
1993,1,14,,,Galeras,Colombia,Colombia,1.22,-77.37,4276,Complex volcano,Historical,D1,2,T,9,1,,,,,,,,,9,1,,,,,,,,
1993,1,21,,,Wurlali,Banda Sea,Indonesia,-7.125,128.675,868,Stratovolcano,Historical,D3,,m,1,1,,,12,1,,,,,1,1,,,12,1,,,,
1993,2,2,,,Mayon,Luzon-Philippines,Philippines,13.257,123.685,2462,Stratovolcano,Historical,D1,2,P,75,2,,,,,,,,,75,2,,,,,,,,
1993,3,12,,,Guagua Pichincha,Ecuador,Ecuador,-0.171,-78.598,4784,Stratovolcano,Historical,D1,1,T,2,1,,,,,,,,,2,1,,,,,,,,
1993,4,19,,,Kilauea,Hawaiian Is,United States,19.425,-155.292,1222,Shield volcano,Historical,D1,0,A,1,1,,,22,1,,,,,1,1,,,22,1,,,,
1993,6,13,,,Krakatau,Indonesia,Indonesia,-6.102,105.423,813,Caldera,Historical,D1,1,T,1,1,,,5,1,,,,,1,1,,,5,1,,,,
1993,6,23,,,Unzen,Kyushu-Japan,Japan,32.75,130.3,1500,Complex volcano,Historical,D1,1,P,1,1,,,,,,,,1,1,1,,,,,,,,1
1993,6,26,,,Pinatubo,Luzon-Philippines,Philippines,15.13,120.35,1486,Stratovolcano,Historical,D1,1,m,4,1,,,,,,,,,4,1,,,,,,,,
1993,10,4,,,Pinatubo,Luzon-Philippines,Philippines,15.13,120.35,1486,Stratovolcano,Historical,D1,,m,14,1,,,,,,,,,14,1,,,,,,,,
1994,1,15,,,Yasur,Vanuatu-SW Pacific,Vanuatu,-19.52,169.425,361,Stratovolcano,Historical,D1,3,T,1,1,,,,,,,,,1,1,,,,,,,,
1994,2,3,,,Semeru,Java,Indonesia,-8.108,112.92,3676,Stratovolcano,Historical,D1,3,P,6,1,,,,,,,,,6,1,,,,,,,,
1994,5,29,,,Aso,Kyushu-Japan,Japan,32.88,131.1,1592,Caldera,Historical,D1,1,G,1,1,,,,,,,,,1,1,,,,,,,,
1994,6,6,,,Huila,Colombia,Colombia,2.92,-76.05,5365,Stratovolcano,Historical,D5,,m,,,,,,,,,,,650,3,,,,,2.4,2,200,3
1994,9,19,TSU,,Rabaul,New Britain-SW Pac,Papua New Guinea,-4.271,152.203,688,Pyroclastic shield,Historical,D1,3,T,4,1,,,,,35,4,,,,,,,,,,,,
1994,11,3,,,Rinjani,Lesser Sunda Is,Indonesia,-8.42,116.47,3726,Stratovolcano,Historical,D1,3,m,31,1,,,,,,,,,31,1,,,,,,,,
1994,11,22,,,Merapi,Java,Indonesia,-7.542,110.442,2947,Stratovolcano,Historical,D1,3,,60,2,,,,,,,,,60,2,,,,,,,,
1995,2,4,,,Yasur,Vanuatu-SW Pacific,Vanuatu,-19.52,169.425,361,Stratovolcano,Historical,D1,3,T,2,1,,,,,,,,,2,1,,,,,,,,
1995,2,11,,,Yake-dake,Honshu-Japan,Japan,36.22,137.58,2455,Stratovolcano,Historical,D1,1,T,4,1,,,,,,,,,4,1,,,,,,,,
1995,4,2,,,Fogo,Cape Verde Is,Cape Verde,14.95,-24.35,2829,Stratovolcano,Historical,D1,2,,,,,,20,1,,1,10,1,,,,,20,1,,1,10,1
1995,4,7,,,Pacaya,Guatemala,Guatemala,14.381,-90.601,2552,Complex volcano,Historical,D1,3,M,1,1,,,,,,1,1,1,1,1,,,,,,1,1,1
1995,5,15,,,Kelimutu,Lesser Sunda Is,Indonesia,-8.758,121.83,1640,Complex volcano,Historical,D1,,,1,1,,,,,,,,,1,1,,,,,,,,
1995,9,6,,,Parker,Mindanao-Philippines,Philippines,6.12,124.892,1824,Stratovolcano,Historical,D5,,,60,2,,,,,,,300,3,60,2,,,,,,,300,3
1996,1,2,TSU,,Karymsky,Kamchatka,Russia,54.05,159.43,1536,Stratovolcano,Historical,D1,2,,,,,,,,,,,,,,,,,,,,,
1996,4,30,,,Popocatepetl,Mexico,Mexico,19.023,-98.622,5426,Stratovolcano,Historical,D1,3,,5,1,,,,,,1,,,5,1,,,,,,1,,
1996,8,10,,,Kanlaon,Philippines-C,Philippines,10.412,123.132,2435,Stratovolcano,Historical,D1,2,T,3,1,,,18,1,,,,,3,1,,,18,1,,,,
1996,9,27,,,Maderas,Nicaragua,Nicaragua,11.446,-85.515,1394,Stratovolcano,Holocene,U,,m,6,1,,,,1,,,,,6,1,,,,1,,,,
1996,9,30,,,Grimsvotn,Iceland-NE,Iceland,64.42,-17.33,1725,Caldera,Historical,D1,3,,,,,,,,,1,,,,,,,,,,1,,
1996,12,3,,,Manam,New Guinea-NE of,Papua New Guinea,-4.1,145.061,1807,Stratovolcano,Historical,D1,3,P,13,1,,,29,1,,,,,13,1,,,29,1,,,,
1997,1,14,,,Merapi,Java,Indonesia,-7.542,110.442,2947,Stratovolcano,Historical,D1,2,,6,1,,,,1,,,,,6,1,,,,1,,,,
1997,4,17,,,Karangetang [Api Siau],Sangihe Is-Indonesia,Indonesia,2.78,125.48,1784,Stratovolcano,Historical,D1,1,P,3,1,,,,,,,,,3,1,,,,,,,,
1997,6,25,,,Soufriere Hills,W Indies,Montserrat,16.72,-62.18,915,Stratovolcano,Historical,D1,3,P,22,1,1,,,,,,,,22,1,,,,,,,,
1997,7,12,,,Hakkoda Group,Honshu-Japan,Japan,40.65,140.88,1585,Stratovolcano,Holocene,U,,G,3,1,,,,,,,,,3,1,,,,,,,,
1997,8,1,,,Soufriere Hills,W Indies,Montserrat,16.72,-62.18,915,Stratovolcano,Historical,D1,3,,2,1,,,,,,,,,2,1,,,,,,,,
1997,9,2,,,Semeru,Java,Indonesia,-8.108,112.92,3676,Stratovolcano,Historical,D1,3,T,2,1,,,,,,,,,2,1,,,,,,,,
1997,9,15,,,Adatara,Honshu-Japan,Japan,37.62,140.28,1718,Stratovolcano,Historical,D1,,G,4,1,,,,,,,,,4,1,,,,,,,,
1997,11,23,,,Aso,Kyushu-Japan,Japan,32.88,131.1,1592,Caldera,Historical,D1,,G,2,1,,,,,,,,,2,1,,,,,,,,
1997,12,26,TSU,,Soufriere Hills,W Indies,Montserrat,16.72,-62.18,915,Stratovolcano,Historical,D1,,,,,,,,,,,,,,,,,,,,,,
1998,4,28,,,Kilauea,Hawaiian Is,United States,19.425,-155.292,1222,Shield volcano,Historical,D1,,L,1,1,,,,,,,,,,,,,,,,,,
1998,7,,,,Kelut,Java,Indonesia,-7.93,112.308,1731,Stratovolcano,Historical,D1,,m,10,1,,,,,,,,,10,1,,,,,,,,
1998,10,30,,,San Cristobal,Nicaragua,Nicaragua,12.702,-87.004,1745,Stratovolcano,Historical,D1,,m,1620,4,,,,,,,,,1620,4,,,,,,,,
1999,1,20,TSU,,Soufriere Hills,W Indies,Montserrat,16.72,-62.18,915,Stratovolcano,Historical,D1,3,,,,,,,,,,,,,,,,,,,,,
1999,5,21,,,Fuego,Guatemala,Guatemala,14.473,-90.88,3763,Stratovolcano,Historical,D1,2,,,,,,,,,,,,,,,,,,,,,
1999,8,15,,,Shiveluch,Kamchatka,Russia,56.653,161.36,3283,Stratovolcano,Historical,D1,4,,,,,,,,,1,,,,,,,,,,,,
1999,10,5,,,Guagua Pichincha,Ecuador,Ecuador,-0.171,-78.598,4784,Stratovolcano,Historical,D1,3,T,2,1,,,,,,,,,2,1,,,,,,,,
1999,10,16,,,Tungurahua,Ecuador,Ecuador,-1.467,-78.442,5023,Stratovolcano,Historical,D1,3,T,1,1,,,4,1,,,,,1,1,,,4,1,,,,
2000,6,27,TSU,EQ,Miyake-jima,Izu Is-Japan,Japan,34.08,139.53,815,Stratovolcano,Historical,D1,2,,,,,,,,,1,,,1,1,,,,3,,1,,
2000,7,27,,,Semeru,Java,Indonesia,-8.108,112.92,3676,Stratovolcano,Historical,D1,3,T,2,1,,,,,,,,,2,1,,,,,,,,
2000,8,23,,,Arenal,Costa Rica,Costa Rica,10.463,-84.703,1657,Stratovolcano,Historical,D1,3,P,2,1,,,1,1,,,,,2,1,,,1,1,,,,
2000,11,3,,,Kilauea,Hawaiian Is,United States,19.425,-155.292,1222,Shield volcano,Historical,D1,,G,2,1,,,,,,,,,2,1,,,,,,,,
2000,11,,,,Merapi,Java,Indonesia,-7.542,110.442,2947,Stratovolcano,Historical,D1,2,A,1,1,,,,,,,,,1,1,,,,,,,,
2001,5,14,,,Etna,Italy,Italy,37.734,15.004,3350,Stratovolcano,Historical,D1,3,,1,1,,,,,,1,,,1,1,,,,,,1,,
2001,7,26,,,Etna,Italy,Italy,37.734,15.004,3350,Stratovolcano,Historical,D1,2,,,,,,,,,1,,1,,,,,,,,1,,1
2001,8,5,,,Merapi,Java,Indonesia,-7.542,110.442,2947,Stratovolcano,Historical,D1,2,P,2,1,,,,,,,,,2,1,,,,,,,,
2001,10,20,,,Stromboli,Italy,Italy,38.789,15.213,926,Stratovolcano,Historical,D1,2,T,1,1,,,,,,,,,1,1,,,,,,,,
2002,1,3,,,Karangetang [Api Siau],Sangihe Is-Indonesia,Indonesia,2.78,125.48,1784,Stratovolcano,Historical,D1,3,M,,,,,,,,1,,1,,,,,,,,1,,1
2002,1,17,,,Nyiragongo,Africa-C,"Congo, DRC",-1.52,29.25,3470,Stratovolcano,Historical,D1,1,,100,2,,,400,3,,3,,3,100,2,,,,3,,3,,3
2002,8,28,,EQ,Etna,Italy,Italy,37.734,15.004,3350,Stratovolcano,Historical,D1,3,,,,,,32,1,,2,,2,,,,,32,1,,2,,2
2002,11,3,,,Reventador,Ecuador,Ecuador,-0.078,-77.656,3562,Stratovolcano,Historical,D1,4,I,,1,,,,1,,1,,,,1,,,,1,,1,,
2002,12,30,TSU,,Stromboli,Italy,Italy,38.789,15.213,926,Stratovolcano,Historical,D1,,,,,,,,1,,1,,1,,,,,,1,,1,,1
2002,,,,,Semeru,Java,Indonesia,-8.108,112.92,3676,Stratovolcano,Historical,D1,3,T,3,1,,,,,,,,,3,1,,,,,,,,
2003,7,12,TSU,,Soufriere Hills,W Indies,Montserrat,16.72,-62.18,915,Stratovolcano,Historical,D1,3,,,,,,,,,,,,,,,,,,,,,
2004,1,29,,,Egon,Lesser Sunda Is,Indonesia,-8.67,122.45,1703,Stratovolcano,Historical,D2,1,T,1,1,,,,,,,,,1,1,,,,,,,,
2004,6,8,,,Tengger Caldera,Java,Indonesia,-7.942,112.95,2329,Stratovolcano,Historical,D1,2,T,2,1,,,5,1,,,,,,,,,,,,,,
2004,10,24,,,Manam,New Guinea-NE of,Papua New Guinea,-4.1,145.061,1807,Stratovolcano,Historical,D1,4,T,5,1,,,,,,,,,5,1,,,,,,,,
2005,1,27,,,Manam,New Guinea-NE of,Papua New Guinea,-4.1,145.061,1807,Stratovolcano,Historical,D1,4,T,1,1,,,14,1,,,,,1,1,,,14,1,,,,
2005,10,1,,,Santa Ana,El Salvador,El Salvador,13.853,-89.63,2365,Stratovolcano,Historical,D2,3,A,2,1,,,,1,,,,,2,1,,,,1,,,,
2005,11,24,,,Karthala,Indian O-W,Comoros,-11.75,43.38,2361,Shield volcano,Historical,D1,,,,1,,,,,,1,,,,1,,,,,,1,,
2006,3,17,,,Raoul Island,Kermadec Is,New Zealand,-29.27,-177.92,516,Stratovolcano,Historical,D1,,,1,1,,,,,,,,,1,1,,,,,,,,
2006,5,20,TSU,,Soufriere Hills,W Indies,Montserrat,16.72,-62.18,915,Stratovolcano,Historical,D1,2,P,,,,,,,,,,,,,,,,,,,,
2006,6,7,,,Bulusan,Luzon-Philippines,Philippines,12.77,124.05,1565,Stratovolcano,Historical,D1,2,,1,1,,,,,,,,,,,,,,,,,,
2006,6,14,,,Merapi,Java,Indonesia,-7.542,110.442,2947,Stratovolcano,Historical,D1,1,,2,1,,,,,,,,,2,1,,,,,,,,
2006,7,18,,,Tungurahua,Ecuador,Ecuador,-1.467,-78.442,5023,Stratovolcano,Historical,D1,3,,1,1,,,,,,,,,1,1,,,,,,,,
2006,8,17,,,Tungurahua,Ecuador,Ecuador,-1.467,-78.442,5023,Stratovolcano,Historical,D1,3,T,5,1,,2,13,1,,3,,3,6,1,,2,,2,,3,,3
2006,11,30,,,Mayon,Luzon-Philippines,Philippines,13.257,123.685,2462,Stratovolcano,Historical,D1,1,m,1266,4,,,,,,1,,,1266,4,,,,,,1,,
2007,3,,,,Manam,New Guinea-NE of,Papua New Guinea,-4.1,145.061,1807,Stratovolcano,Historical,D1,4,M,4,1,,,1,1,,,,,4,1,,,1,1,,,,
2007,4,18,,,Huila,Colombia,Colombia,2.92,-76.05,5365,Stratovolcano,Historical,D5,,,,,,,,,,2,,1,,,,,,,,2,,1
2007,7,7,,,Salak,Java,Indonesia,-6.72,106.73,2211,Stratovolcano,Historical,D2,,G,6,1,,,,,,,,,6,1,,,,,,,,
2007,9,30,,,"Tair, Jebel at",Red Sea,Yemen,15.7,41.742,244,Stratovolcano,Historical,D3,,,7,1,,,1,1,,,,,7,1,,,,1,,,,
2008,5,2,,,Chaiten,Chile-S,Chile,-42.833,-72.646,962,Caldera,Holocene,D1,,,1,1,,,,,,,,,1,1,,,,,,,,
2008,8,8,TSU,,Kasatochi,Aleutian Is,United States,52.18,-175.5,314,Stratovolcano,Historical,D1,3,,,,,,,,,,,,,,,,,,,,,
2008,8,22,,,Tungurahua,Ecuador,Ecuador,-1.467,-78.442,5023,Stratovolcano,Historical,D1,3,M,2,1,,,2,1,,1,2,1,2,1,,,2,1,,1,2,1
2008,11,20,,,Huila,Colombia,Colombia,2.92,-76.05,5365,Stratovolcano,Historical,D5,,,10,1,,1,,1,,,,,10,1,,1,,1,,,,
2009,3,23,,,Redoubt,Alaska-SW,United States,60.48,-152.75,3108,Stratovolcano,Historical,D1,,,,,,,,,,1,,,,,,,,,,,,
2009,11,30,,,Kilauea,Hawaiian Is,United States,19.425,-155.292,1222,Shield volcano,Historical,D1,,,,,,,,,,2,,,,,,,,,,2,,
2010,1,,,,Tungurahua,Ecuador,Ecuador,-1.467,-78.442,5023,Stratovolcano,Historical,D1,3,,,,,,,,,1,,,,,,,,,,1,,
2010,3,31,,,Eyjafjallajokull,Iceland-S,Iceland,63.63,-19.62,1666,Stratovolcano,Historical,D1,2,,2,1,,,,,,,,,2,1,,,,,,,,
2010,5,27,,,Pacaya,Guatemala,Guatemala,14.381,-90.601,2552,Complex volcano,Historical,D1,1,T,1,1,3,1,,,,1,3,1,1,1,3,1,,,,1,3,1
2010,5,29,TSU,EQ,Sarigan,Mariana Is-C Pacific,United States,16.708,145.78,538,Stratovolcano,Holocene,U,,,,,,,,,,,,,,,,,,,,,,
2010,8,6,,,Karangetang [Api Siau],Sangihe Is-Indonesia,Indonesia,2.78,125.48,1784,Stratovolcano,Historical,D1,3,,4,1,,,5,1,,,,1,4,1,,,5,1,,,,1
2010,8,30,,,Sinabung,Sumatra,Indonesia,3.17,98.392,2460,Stratovolcano,Holocene,U,,,2,1,,,,,,,,,2,1,,,,,,,,
2010,10,26,,,Merapi,Java,Indonesia,-7.542,110.442,2947,Stratovolcano,Historical,D1,,,324,3,,,427,3,600,4,,3,324,3,,,427,3,600,4,,3
2010,11,,,,Tungurahua,Ecuador,Ecuador,-1.467,-78.442,5023,Stratovolcano,Historical,D1,3,,,,,,,,,1,,,,,,,,,,1,,
2010,12,28,,,Tengger Caldera,Java,Indonesia,-7.942,112.95,2329,Stratovolcano,Historical,D1,,,,,,,,,,1,,,,,,,,,,,,
2011,1,3,,,Merapi,Java,Indonesia,-7.542,110.442,2947,Stratovolcano,Historical,D1,,M,1,1,,,1,1,,1,,,1,1,,,1,1,,1,,
2011,1,28,,,Kirishima,Kyushu-Japan,Japan,31.93,130.87,1700,Shield volcano,Historical,D1,,,,,,,,1,,1,,,,,,,,,,,,
2011,2,23,,,Bulusan,Luzon-Philippines,Philippines,12.77,124.05,1565,Stratovolcano,Historical,D1,2,,1,1,,,,,,,,,1,1,,,,,,,,
2011,3,18,,,Karangetang [Api Siau],Sangihe Is-Indonesia,Indonesia,2.78,125.48,1784,Stratovolcano,Historical,D1,,,,,,,,,,1,,,,,,,,,,1,,
2011,4,,,,Tungurahua,Ecuador,Ecuador,-1.467,-78.442,5023,Stratovolcano,Historical,D1,4,,,,,,,,,1,,,,,,,,,,1,,
2011,6,4,,,Puyehue,Chile-C,Chile,-40.59,-72.117,2236,Stratovolcano,Holocene,U,4,,,,,,,,,2,,,,,,,,,,2,,
2011,6,22,,,Nabro,Africa-NE,Eritrea,13.37,41.7,2218,Stratovolcano,Holocene,Unknown,3,,7,1,,,,3,,,,,7,1,,,,3,,,,
2011,7,9,,,Katla,Iceland-S,Iceland,63.63,-19.05,1512,Subglacial volcano,Historical,D2,,,,,,,,,,1,,,,,,,,,,1,,
2011,7,17,,,Lokon-Empung,Sulawesi-Indonesia,Indonesia,1.358,124.792,1580,Stratovolcano,Historical,D1,,,1,1,,,,,,,,,1,1,,,,,,,,
2011,12,27,,,Gamalama,Halmahera-Indonesia,Indonesia,0.8,127.325,1715,Stratovolcano,Historical,D1,3,m,4,1,,,,1,,,,,4,1,,,,1,,,,
2012,2,10,,,Kilauea,Hawaiian Is,United States,19.425,-155.292,1222,Shield volcano,Historical,D1,,,,,,,,,,2,,,,,,,,,,2,,
2012,3,2,,,Kilauea,Hawaiian Is,United States,19.425,-155.292,1222,Shield volcano,Historical,D1,,L,,,,,,,,1,1,1,,,,,,,,,,
2012,12,12,,,Tolbachik,Kamchatka,Russia,55.83,160.33,3682,Shield volcano,Historical,D1,,,,,,,,,,1,,,,,,,,,,1,,
2013,2,12,,,Merapi,Java,Indonesia,-7.542,110.442,2947,Stratovolcano,Historical,D1,,M,1,1,,,1,1,,1,,,1,1,,,1,1,,1,,
2013,2,,,,Paluweh,Lesser Sunda Is,Indonesia,-8.32,121.708,875,Stratovolcano,Historical,D1,,,,,,,,,,1,,1,,,,,,,,1,,1
2013,5,7,,,Mayon,Luzon-Philippines,Philippines,13.257,123.685,2462,Stratovolcano,Historical,D1,,,5,1,,,8,1,,,,,5,1,,,8,1,,,,
2013,8,10,,,Paluweh,Lesser Sunda Is,Indonesia,-8.32,121.708,875,Stratovolcano,Historical,D1,3,,5,1,,,,,,,,,5,1,,,,,,,,
2013,9,1,,,Ubinas,Peru,Peru,-16.355,-70.903,5672,Stratovolcano,Historical,D1,,,,,,,,,,1,,,,,,,,,,1,,
2013,9,4,,,Sakura-jima,Kyushu-Japan,Japan,31.58,130.67,1117,Stratovolcano,Historical,D1,,,,,,,,,,1,,,,,,,,,,,,
2013,9,15,,,Sinabung,Sumatra,Indonesia,3.17,98.392,2460,Stratovolcano,Holocene,U,2,,,,,,,,,2,,,,,,,,,,2,,
2014,2,1,,,Sinabung,Sumatra,Indonesia,3.17,98.392,2460,Stratovolcano,Holocene,U,,,17,1,,,3,1,,1,,2,17,1,,,3,1,,1,,2
2014,2,13,,,Kelut,Java,Indonesia,-7.93,112.308,1731,Stratovolcano,Historical,D1,,,7,1,,,,,,3,4098,4,7,1,,,,,,3,4098,4
2014,9,27,,,On-take,Honshu-Japan,Japan,35.9,137.48,3063,Complex volcano,Historical,D1,3,,55,2,,,70,2,,,,,55,2,,,70,2,,,,
2014,11,10,,,Kilauea,Hawaiian Is,United States,19.425,-155.292,1222,Shield volcano,Historical,D1,,,,,,,,,14.5,3,1,1,,,,,,,14.5,3,1,1
2014,11,23,,,Fogo,Cape Verde Is,Cape Verde,14.95,-24.35,2829,Stratovolcano,Historical,D1,,,,,,,,,,2,230,3,,,,,,,,2,230,3
2014,12,18,,,Gamalama,Halmahera-Indonesia,Indonesia,0.8,127.325,1715,Stratovolcano,Historical,D1,,,1,1,,,4,1,,,,,1,1,,,4,1,,,,
2015,2,20,,,Sinabung,Sumatra,Indonesia,3.17,98.392,2460,Stratovolcano,Holocene,U,,,,,,,,,,1,,1,,,,,,,,1,,1
2015,4,22,,,Calbuco,Chile-S,Chile,-41.326,-72.614,2003,Stratovolcano,Historical,D2,,,,,,,,,,2,,2,,,,,,,,2,,2
2015,5,7,,,Karangetang [Api Siau],Sangihe Is-Indonesia,Indonesia,2.78,125.48,1784,Stratovolcano,Historical,D1,,,,,,,,,,1,,1,,,,,,,,1,,1
2015,7,31,,,Manam,New Guinea-NE of,Papua New Guinea,-4.1,145.061,1807,Stratovolcano,Historical,D1,2,,,,,,2,1,,1,,,,,,,2,1,,1,,
2015,10,16,,,Sinabung,Sumatra,Indonesia,3.17,98.392,2460,Stratovolcano,Holocene,U,,M,1,1,,,,,,1,,,1,1,,,,,,1,,
2016,5,9,,,Sinabung,Sumatra,Indonesia,3.17,98.392,2460,Stratovolcano,Holocene,U,,,1,1,,,4,1,,1,3,1,1,1,,,4,1,,1,,
2016,5,21,,,Sinabung,Sumatra,Indonesia,3.17,98.392,2460,Stratovolcano,Holocene,U,,,7,1,,,3,1,100,4,,,7,1,,,3,1,100,4,,
2016,6,9,,,Yellowstone,US-Wyoming,United States,44.43,-110.67,2805,Caldera,Tephrochronology,D7,,,1,1,,,,,,,,,1,1,,,,,,,,
2016,9,27,,,Rinjani,Lesser Sunda Is,Indonesia,-8.42,116.47,3726,Stratovolcano,Historical,D1,,,,,44,1,,,,,,,,,44,1,,,,,,
2016,10,8,,,Aso,Kyushu-Japan,Japan,32.88,131.1,1592,Caldera,Historical,D1,,T,,,,,,,,1,,,,,,,,,,1,,
